-31.0051,-11.4192,0
-31.0347,-11.5073,0
-31.0926,-11.596,0
-31.2297,-11.5902,0
-31.2808,-11.6029,0
-31.3617,-11.5656,0
-31.47,-11.5033,0
-31.5421,-11.4593,0
-31.6314,-11.4032,0
-31.7313,-11.3492,0
-31.8203,-11.2988,0
-31.9213,-11.241,0
-32.0068,-11.1837,0
-32.0759,-11.1321,0
-32.1612,-11.0723,0
-32.255,-11.0075,0
-32.3444,-10.9475,0
-32.4278,-10.8902,0
-32.5143,-10.826,0
-32.604,-10.7652,0
-32.6893,-10.7085,0
-32.7744,-10.6452,0
-32.8593,-10.5839,0
-32.9393,-10.5249,0
-33.0179,-10.4558,0
-33.0935,-10.3845,0
-33.1666,-10.3158,0
-33.2441,-10.2526,0
-33.3152,-10.1781,0
-33.383,-10.0981,0
-33.4451,-10.0126,0
-33.5152,-9.92527,0
-33.5871,-9.84741,0
-33.66,-9.77633,0
-33.735,-9.70466,0
-33.8063,-9.63162,0
-33.8767,-9.56041,0
-33.9505,-9.48434,0
-34.0242,-9.41338,0
-34.099,-9.33719,0
-34.1702,-9.26021,0
-34.2052,-9.21995,0
-34.2498,-9.15687,0
-34.2857,-9.08889,0
-34.3321,-8.97953,0
-34.3789,-8.873,0
-34.4262,-8.76609,0
-34.444,-8.71655,0
-34.4589,-8.6814,0
-34.4692,-8.65064,0
-34.4793,-8.62286,0
-34.4819,-8.5938,0
-34.4779,-8.54381,0
-34.4714,-8.48246,0
-34.4541,-8.39512,0
-34.44,-8.33662,0
-34.4309,-8.30249,0
-34.4214,-8.27993,0
-34.4054,-8.24923,0
-34.384,-8.20923,0
-34.3568,-8.1706,0
-34.3001,-8.10633,0
-34.2253,-8.02384,0
-34.1519,-7.94357,0
-34.117,-7.90987,0
-34.0878,-7.8859,0
-34.036,-7.85086,0
-33.9832,-7.81707,0
-33.9261,-7.79053,0
-33.7968,-7.73985,0
-33.6653,-7.69303,0
-33.5345,-7.64171,0
-33.4103,-7.5892,0
-33.2862,-7.53409,0
-33.1627,-7.47452,0
-33.0722,-7.43482,0
-32.9785,-7.4032,0
-32.8582,-7.37242,0
-32.7364,-7.34055,0
-32.6126,-7.30556,0
-32.4843,-7.25461,0
-32.3534,-7.19901,0
-32.2218,-7.13989,0
-32.0941,-7.08473,0
-31.9627,-7.03078,0
-31.8314,-6.97782,0
-31.7097,-6.91783,0
-31.5913,-6.8586,0
-31.493,-6.79256,0
-31.4006,-6.72224,0
-31.3378,-6.67169,0
-31.2629,-6.59291,0
-31.1932,-6.50984,0
-31.1377,-6.44152,0
-31.1221,-6.4269,0
-31.1106,-6.41239,0
-31.0971,-6.40032,0
-31.0834,-6.38871,0
-31.0671,-6.37987,0
-31.0519,-6.37067,0
-31.0361,-6.36251,0
-31.007,-6.35326,0
-30.9651,-6.34658,0
-30.9057,-6.34375,0
-30.8002,-6.35001,0
-30.6985,-6.3543,0
-30.5946,-6.35955,0
-30.5013,-6.35934,0
-30.4547,-6.35657,0
-30.4145,-6.35052,0
-30.3793,-6.34139,0
-30.3464,-6.32953,0
-30.3213,-6.31955,0
-30.2997,-6.3066,0
-30.2798,-6.2941,0
-30.2606,-6.28309,0
-30.2456,-6.27041,0
-30.2318,-6.25567,0
-30.2188,-6.2405,0
-30.2069,-6.22396,0
-30.1965,-6.20761,0
-30.1866,-6.19185,0
-30.1796,-6.17514,0
-30.1739,-6.15947,0
-30.1704,-6.14129,0
-30.1663,-6.12085,0
-30.1632,-6.09232,0
-30.1638,-6.06783,0
-30.1669,-6.04236,0
-30.1728,-6.01154,0
-30.1837,-5.97763,0
-30.1998,-5.93408,0
-30.2295,-5.87152,0
-30.2836,-5.77707,0
-30.3481,-5.6715,0
-30.4097,-5.56799,0
-30.467,-5.45692,0
-30.4993,-5.38405,0
-30.5227,-5.31725,0
-30.5534,-5.21434,0
-30.5789,-5.08981,0
-30.5996,-4.96451,0
-30.6166,-4.84517,0
-30.6229,-4.79357,0
-30.6259,-4.75018,0
-30.624,-4.71131,0
-30.6231,-4.67206,0
-30.6167,-4.63072,0
-30.607,-4.59545,0
-30.5935,-4.55962,0
-30.5759,-4.5235,0
-30.543,-4.46721,0
-30.4925,-4.40096,0
-30.4602,-4.36048,0
-30.4261,-4.3242,0
-30.3931,-4.29568,0
-30.3505,-4.26376,0
-30.2391,-4.19627,0
-30.1241,-4.12798,0
-30.0157,-4.05964,0
-29.9066,-3.98963,0
-29.8011,-3.91623,0
-29.6964,-3.84309,0
-29.5942,-3.76659,0
-29.4948,-3.69245,0
-29.392,-3.61824,0
-29.2888,-3.54481,0
-29.1865,-3.46861,0
-29.1037,-3.40819,0
-29.0606,-3.36756,0
-29.0227,-3.32796,0
-28.9852,-3.27952,0
-28.9559,-3.23721,0
-28.9361,-3.203,0
-28.92,-3.17157,0
-28.9091,-3.14421,0
-28.9016,-3.11914,0
-28.8925,-3.07387,0
-28.8824,-2.96831,0
-28.872,-2.86288,0
-28.8624,-2.75763,0
-28.8519,-2.66307,0
-28.8486,-2.64229,0
-28.8444,-2.62325,0
-28.8391,-2.60356,0
-28.8338,-2.58407,0
-28.8256,-2.56828,0
-28.8154,-2.55242,0
-28.8036,-2.54205,0
-28.7902,-2.52669,0
-28.7756,-2.51275,0
-28.729,-2.47689,0
-28.6191,-2.40445,0
-28.5167,-2.33367,0
-28.4147,-2.2566,0
-28.3149,-2.18056,0
-28.2486,-2.12252,0
-28.2153,-2.08699,0
-28.19,-2.05638,0
-28.1621,-2.01795,0
-28.1091,-1.92866,0
-28.0594,-1.83677,0
-28.0098,-1.74026,0
-27.9593,-1.64622,0
-27.911,-1.55243,0
-27.8573,-1.46486,0
-27.8041,-1.37174,0
-27.7586,-1.27835,0
-27.7175,-1.18612,0
-27.6803,-1.09103,0
-27.6429,-0.994749,0
-27.6055,-0.89615,0
-27.5669,-0.798857,0
-27.5282,-0.703693,0
-27.488,-0.611841,0
-27.447,-0.517228,0
-27.4228,-0.464001,0
-27.4178,-0.444933,0
-27.4103,-0.42669,0
-27.4011,-0.411717,0
-27.3759,-0.383258,0
-27.285,-0.30355,0
-27.1879,-0.223411,0
-27.1233,-0.170735,0
-27.0971,-0.14681,0
-27.0758,-0.129701,0
-27.0558,-0.120157,0
-27.0054,-0.1015,0
-26.8969,-0.0704432,0
-26.7851,-0.0345012,0
-26.6731,0.00184089,0
-26.5863,0.0331605,0
-26.5192,0.0699608,0
-26.4496,0.114095,0
-26.3795,0.165086,0
-26.3146,0.218115,0
-26.2545,0.28021,0
-26.1924,0.351874,0
-26.1311,0.432826,0
-26.0818,0.514154,0
-26.0596,0.555499,0
-26.0468,0.587604,0
-26.0307,0.635738,0
-26.0073,0.736016,0
-25.9863,0.837974,0
-25.9624,0.939682,0
-25.9355,1.04171,0
-25.9103,1.14025,0
-25.8808,1.23824,0
-25.8484,1.33931,0
-25.8163,1.43888,0
-25.7886,1.51836,0
-25.7737,1.55244,0
-25.7586,1.57836,0
-25.7329,1.62306,0
-25.6609,1.71383,0
-25.5881,1.80339,0
-25.5427,1.86038,0
-25.5296,1.8803,0
-25.5012,1.94345,0
-25.4604,2.04124,0
-25.4204,2.14326,0
-25.3994,2.18528,0
-25.3839,2.21497,0
-25.3694,2.23883,0
-25.3482,2.26645,0
-25.2788,2.33848,0
-25.1848,2.42841,0
-25.0866,2.51698,0
-24.9931,2.60347,0
-24.9689,2.62701,0
-24.8993,2.67082,0
-24.7859,2.73881,0
-24.6701,2.80137,0
-24.5558,2.86749,0
-24.4439,2.93611,0
-24.3331,3.00536,0
-24.2216,3.07987,0
-24.1097,3.15,0
-23.9998,3.22638,0
-23.9427,3.26459,0
-23.9114,3.28278,0
-23.8767,3.30169,0
-23.8287,3.32289,0
-23.7256,3.34919,0
-23.6186,3.37101,0
-23.5156,3.39596,0
-23.4116,3.42942,0
-23.307,3.47103,0
-23.2011,3.51841,0
-23.0927,3.56598,0
-22.9873,3.6152,0
-22.8816,3.67227,0
-22.8309,3.70932,0
-22.7521,3.77115,0
-22.6458,3.86704,0
-22.5371,3.96157,0
-22.4292,4.05578,0
-22.3206,4.14439,0
-22.2361,4.22079,0
-22.1766,4.281,0
-22.1388,4.32589,0
-22.1097,4.36482,0
-22.063,4.44897,0
-22.0168,4.54683,0
-21.9765,4.64389,0
-21.9512,4.72231,0
-21.937,4.77678,0
-21.9293,4.82674,0
-21.9232,4.91618,0
-21.924,5.02383,0
-21.924,5.12926,0
-21.9228,5.23397,0
-21.9236,5.33984,0
-21.9238,5.44685,0
-21.9257,5.54692,0
-21.9293,5.65258,0
-21.9325,5.75658,0
-21.9409,5.86258,0
-21.9577,5.97006,0
-21.9783,6.06868,0
-22.0138,6.1804,0
-22.0578,6.29219,0
-22.1094,6.40274,0
-22.1605,6.51558,0
-22.2068,6.62456,0
-22.2167,6.65925,0
-22.2252,6.68948,0
-22.2372,6.77002,0
-22.2451,6.87451,0
-22.2519,6.97968,0
-22.2623,7.08511,0
-22.2743,7.18953,0
-22.2932,7.29496,0
-22.3045,7.40231,0
-22.3188,7.50596,0
-22.3302,7.60859,0
-22.3344,7.65889,0
-22.3426,7.69012,0
-22.3478,7.71508,0
-22.3549,7.73989,0
-22.3702,7.76061,0
-22.3822,7.78214,0
-22.3958,7.79994,0
-22.411,7.81687,0
-22.4242,7.83067,0
-22.4383,7.84152,0
-22.4548,7.85187,0
-22.4669,7.86263,0
-22.4834,7.87065,0
-22.5057,7.87757,0
-22.5244,7.88226,0
-22.5435,7.88523,0
-22.5602,7.88652,0
-22.5789,7.88798,0
-22.606,7.88728,0
-22.631,7.88456,0
-22.6643,7.87792,0
-22.7078,7.86551,0
-22.7547,7.84712,0
-22.8394,7.80465,0
-22.9469,7.7507,0
-23.0053,7.72961,0
-23.0689,7.71322,0
-23.1372,7.70223,0
-23.2427,7.6932,0
-23.3274,7.69238,0
-23.3944,7.69765,0
-23.4377,7.70518,0
-23.4758,7.71357,0
-23.5065,7.72231,0
-23.5346,7.73219,0
-23.5626,7.74724,0
-23.5897,7.7638,0
-23.6146,7.78287,0
-23.6375,7.80337,0
-23.6588,7.82554,0
-23.6774,7.84856,0
-23.6947,7.87218,0
-23.7097,7.89733,0
-23.7329,7.94202,0
-23.7665,8.02459,0
-23.8049,8.13555,0
-23.84,8.24883,0
-23.8787,8.3598,0
-23.9195,8.47045,0
-23.961,8.5809,0
-24.0074,8.68958,0
-24.0537,8.79536,0
-24.1032,8.90491,0
-24.1527,9.0103,0
-24.2059,9.11893,0
-24.2467,9.18717,0
-24.2808,9.2431,0
-24.3101,9.2773,0
-24.335,9.30694,0
-24.3552,9.32682,0
-24.3761,9.34298,0
-24.3946,9.35699,0
-24.4184,9.36826,0
-24.4416,9.37915,0
-24.4637,9.38618,0
-24.4858,9.39231,0
-24.5103,9.39813,0
-24.5346,9.40145,0
-24.5603,9.40073,0
-24.5876,9.39781,0
-24.6934,9.37947,0
-24.7986,9.3601,0
-24.9033,9.34114,0
-24.9731,9.33434,0
-25.0196,9.33175,0
-25.0589,9.33333,0
-25.0878,9.34227,0
-25.1192,9.34881,0
-25.1476,9.35555,0
-25.1724,9.36628,0
-25.1984,9.37516,0
-25.2232,9.3864,0
-25.2451,9.40223,0
-25.2655,9.42067,0
-25.2864,9.4401,0
-25.3041,9.4592,0
-25.3246,9.48147,0
-25.3482,9.51687,0
-25.376,9.57248,0
-25.3995,9.62548,0
-25.4119,9.65533,0
-25.4179,9.67728,0
-25.422,9.69662,0
-25.4237,9.71552,0
-25.4247,9.731,0
-25.4246,9.74881,0
-25.4222,9.76605,0
-25.4195,9.782,0
-25.4109,9.80438,0
-25.4018,9.82461,0
-25.3916,9.84226,0
-25.3789,9.86002,0
-25.3625,9.88084,0
-25.3387,9.90711,0
-25.3086,9.93539,0
-25.2636,9.96986,0
-25.1599,10.0416,0
-25.0601,10.114,0
-24.9596,10.1926,0
-24.8654,10.2771,0
-24.7756,10.3679,0
-24.6988,10.4481,0
-24.6741,10.4764,0
-24.6484,10.4998,0
-24.6164,10.5202,0
-24.5588,10.5489,0
-24.4593,10.5877,0
-24.3613,10.6228,0
-24.2574,10.6639,0
-24.1603,10.7058,0
-24.1195,10.7284,0
-24.0801,10.7561,0
-24.0117,10.8124,0
-23.9194,10.8975,0
-23.8297,10.9816,0
-23.7389,11.0642,0
-23.6458,11.1448,0
-23.5536,11.2272,0
-23.4632,11.3175,0
-23.3745,11.4207,0
-23.2878,11.5282,0
-23.2,11.6331,0
-23.1108,11.7309,0
-23.0228,11.8293,0
-22.9365,11.9258,0
-22.9023,11.9691,0
-22.8862,11.9851,0
-22.8749,11.9985,0
-22.8594,12.0126,0
-22.8327,12.0235,0
-22.7969,12.0334,0
-22.7355,12.0494,0
-22.6401,12.068,0
-22.5416,12.0806,0
-22.4443,12.0934,0
-22.3453,12.1133,0
-22.2447,12.1316,0
-22.1424,12.1471,0
-22.0377,12.1674,0
-21.9353,12.1859,0
-21.8364,12.2094,0
-21.7354,12.2302,0
-21.6342,12.2472,0
-21.5361,12.265,0
-21.4352,12.2785,0
-21.338,12.296,0
-21.2353,12.3063,0
-21.1348,12.321,0
-21.0592,12.3331,0
-21.0294,12.3364,0
-20.9956,12.3387,0
-20.956,12.336,0
-20.9214,12.33,0
-20.8914,12.3236,0
-20.865,12.3165,0
-20.8393,12.3093,0
-20.8047,12.2924,0
-20.7633,12.2657,0
-20.6698,12.1914,0
-20.5762,12.1147,0
-20.4999,12.0502,0
-20.4636,12.0165,0
-20.4254,11.9769,0
-20.3633,11.8923,0
-20.303,11.8064,0
-20.2414,11.7254,0
-20.2179,11.6992,0
-20.1999,11.6769,0
-20.1854,11.6522,0
-20.1702,11.6184,0
-20.1551,11.5519,0
-20.1422,11.4489,0
-20.1322,11.3436,0
-20.1237,11.2339,0
-20.113,11.126,0
-20.1029,11.0209,0
-20.0897,10.9179,0
-20.0764,10.8113,0
-20.0608,10.7089,0
-20.0508,10.6363,0
-20.0476,10.5816,0
-20.0487,10.5394,0
-20.0493,10.517,0
-20.0485,10.4968,0
-20.046,10.4782,0
-20.0406,10.46,0
-20.0208,10.4099,0
-19.9782,10.3271,0
-19.9224,10.2389,0
-19.8836,10.1714,0
-19.8692,10.1482,0
-19.8604,10.127,0
-19.8522,10.1049,0
-19.849,10.0861,0
-19.8462,10.0668,0
-19.8457,10.049,0
-19.8451,10.0311,0
-19.8472,10.0124,0
-19.8662,9.93941,0
-19.9016,9.80917,0
-19.9386,9.67942,0
-19.9696,9.55287,0
-19.9999,9.42825,0
-20.0241,9.30315,0
-20.03,9.2638,0
-20.039,9.23203,0
-20.086,9.11944,0
-20.1403,8.99932,0
-20.1946,8.87767,0
-20.2472,8.75837,0
-20.2577,8.7403,0
-20.2627,8.72187,0
-20.2658,8.70362,0
-20.2662,8.68335,0
-20.263,8.66337,0
-20.2562,8.64489,0
-20.2532,8.62651,0
-20.2493,8.60883,0
-20.2421,8.59017,0
-20.2328,8.56881,0
-20.2182,8.54395,0
-20.186,8.49864,0
-20.1477,8.45096,0
-20.089,8.39117,0
-20.0328,8.33587,0
-20.0179,8.31953,0
-20.0057,8.30355,0
-19.9929,8.28136,0
-19.9623,8.21616,0
-19.925,8.11812,0
-19.8918,8.02215,0
-19.8562,7.92831,0
-19.8481,7.90691,0
-19.8429,7.8864,0
-19.8357,7.84204,0
-19.8371,7.73119,0
-19.8364,7.61871,0
-19.8357,7.5072,0
-19.8322,7.39571,0
-19.8265,7.285,0
-19.821,7.17587,0
-19.8107,7.06458,0
-19.8015,6.95472,0
-19.7967,6.88928,0
-19.7945,6.86819,0
-19.7912,6.84934,0
-19.795,6.82935,0
-19.7988,6.81133,0
-19.8009,6.79555,0
-19.8104,6.77082,0
-19.8741,6.66468,0
-19.9335,6.56605,0
-19.9935,6.46715,0
-20.0549,6.36501,0
-20.1155,6.26358,0
-20.1376,6.21876,0
-20.1554,6.18209,0
-20.1655,6.14783,0
-20.1745,6.11503,0
-20.1789,6.08232,0
-20.1812,6.04774,0
-20.1835,6.01377,0
-20.1776,5.97952,0
-20.1717,5.9487,0
-20.1631,5.91872,0
-20.151,5.88647,0
-20.1366,5.85595,0
-20.1209,5.82724,0
-20.104,5.80063,0
-20.0844,5.77589,0
-20.0635,5.7527,0
-20.0382,5.72803,0
-20.0097,5.70409,0
-19.9894,5.68959,0
-19.9696,5.67884,0
-19.9504,5.66969,0
-19.9358,5.66371,0
-19.9186,5.65796,0
-19.8999,5.6535,0
-19.8638,5.64959,0
-19.7511,5.64308,0
-19.6657,5.63567,0
-19.6018,5.62376,0
-19.5318,5.60476,0
-19.4723,5.58232,0
-19.419,5.55879,0
-19.3818,5.53938,0
-19.3251,5.50218,0
-19.2724,5.46231,0
-19.2349,5.42807,0
-19.2027,5.393,0
-19.1835,5.369,0
-19.1627,5.33948,0
-19.1128,5.24868,0
-19.0651,5.15603,0
-19.017,5.06525,0
-18.9788,4.99577,0
-18.9672,4.97847,0
-18.9537,4.96233,0
-18.941,4.94849,0
-18.9286,4.93563,0
-18.9117,4.9232,0
-18.8893,4.91015,0
-18.8471,4.88858,0
-18.792,4.86598,0
-18.7439,4.85127,0
-18.701,4.84185,0
-18.6659,4.83598,0
-18.6118,4.83299,0
-18.5452,4.83429,0
-18.4385,4.84545,0
-18.3344,4.86059,0
-18.2292,4.87419,0
-18.1589,4.88036,0
-18.1331,4.88194,0
-18.1107,4.88053,0
-18.0892,4.87758,0
-18.0686,4.87368,0
-18.0462,4.86595,0
-17.9217,4.80928,0
-17.8008,4.7504,0
-17.753,4.72561,0
-17.7238,4.70877,0
-17.7006,4.69433,0
-17.6832,4.67982,0
-17.6689,4.66572,0
-17.6566,4.65301,0
-17.645,4.64015,0
-17.6335,4.6247,0
-17.5902,4.535,0
-17.5497,4.44102,0
-17.5071,4.34741,0
-17.4638,4.25842,0
-17.4226,4.16871,0
-17.408,4.12684,0
-17.3784,4.02832,0
-17.3577,3.92453,0
-17.3439,3.86565,0
-17.335,3.84492,0
-17.3279,3.82618,0
-17.3187,3.81011,0
-17.3086,3.79198,0
-17.2934,3.7689,0
-17.269,3.73934,0
-17.2271,3.69989,0
-17.1863,3.66637,0
-17.1514,3.6404,0
-17.1229,3.62082,0
-17.0971,3.60703,0
-17.0732,3.5961,0
-17.0495,3.58796,0
-17.0246,3.58295,0
-17.0031,3.57755,0
-16.9777,3.57402,0
-16.9479,3.57314,0
-16.9184,3.57559,0
-16.8835,3.58155,0
-16.8445,3.59112,0
-16.7923,3.60959,0
-16.7477,3.6282,0
-16.7072,3.65089,0
-16.6681,3.67675,0
-16.6264,3.70998,0
-16.547,3.78309,0
-16.4659,3.85887,0
-16.4016,3.91255,0
-16.3734,3.93106,0
-16.3569,3.94085,0
-16.3402,3.94938,0
-16.3232,3.95567,0
-16.3069,3.96172,0
-16.2895,3.96825,0
-16.2719,3.97251,0
-16.2543,3.97662,0
-16.2222,3.97758,0
-16.157,3.97143,0
-16.1057,3.96345,0
-16.0646,3.95401,0
-15.9735,3.92235,0
-15.8439,3.86934,0
-15.7167,3.81864,0
-15.5945,3.7673,0
-15.477,3.71378,0
-15.4088,3.6819,0
-15.3902,3.67413,0
-15.3716,3.6721,0
-15.3539,3.66817,0
-15.3357,3.66815,0
-15.3173,3.66697,0
-15.3004,3.66718,0
-15.2823,3.66949,0
-15.2646,3.67235,0
-15.2495,3.67718,0
-15.2338,3.68294,0
-15.2178,3.68977,0
-15.2023,3.69822,0
-15.1868,3.70863,0
-15.1728,3.72097,0
-15.1597,3.73449,0
-15.148,3.74789,0
-15.1384,3.76207,0
-15.1189,3.79653,0
-15.0596,3.91587,0
-14.9985,4.03798,0
-14.9585,4.10907,0
-14.935,4.14349,0
-14.917,4.16361,0
-14.892,4.18816,0
-14.8103,4.25853,0
-14.7258,4.3254,0
-14.6415,4.39534,0
-14.5609,4.46143,0
-14.4786,4.52891,0
-14.3963,4.59956,0
-14.3159,4.67216,0
-14.2297,4.73857,0
-14.1425,4.79995,0
-14.0581,4.85392,0
-13.9691,4.90963,0
-13.8841,4.96792,0
-13.7961,5.0217,0
-13.748,5.04484,0
-13.7147,5.05852,0
-13.6329,5.08586,0
-13.5344,5.11472,0
-13.4983,5.12698,0
-13.4806,5.13621,0
-13.4649,5.14871,0
-13.45,5.15896,0
-13.4351,5.17069,0
-13.4224,5.18531,0
-13.4096,5.19821,0
-13.397,5.2141,0
-13.3874,5.22954,0
-13.3791,5.24587,0
-13.3707,5.26184,0
-13.3664,5.27976,0
-13.3603,5.30106,0
-13.3525,5.32211,0
-13.348,5.35383,0
-13.3399,5.46417,0
-13.3389,5.57554,0
-13.3359,5.6196,0
-13.3302,5.63916,0
-13.3277,5.6586,0
-13.3198,5.67549,0
-13.3103,5.69223,0
-13.3016,5.71222,0
-13.2912,5.73038,0
-13.2814,5.74767,0
-13.2652,5.75799,0
-13.2526,5.77078,0
-13.238,5.78271,0
-13.2222,5.7994,0
-13.2076,5.81305,0
-13.1905,5.82499,0
-13.1599,5.83824,0
-13.0994,5.85987,0
-13.0509,5.87354,0
-13.0003,5.88389,0
-12.9432,5.88919,0
-12.902,5.89201,0
-12.8757,5.89117,0
-12.8526,5.88658,0
-12.826,5.88205,0
-12.7902,5.87009,0
-12.7577,5.85597,0
-12.7085,5.8287,0
-12.6435,5.78651,0
-12.6049,5.75872,0
-12.5592,5.71736,0
-12.5105,5.66628,0
-12.4581,5.60228,0
-12.4043,5.52467,0
-12.3538,5.4382,0
-12.3095,5.34588,0
-12.2762,5.25501,0
-12.2556,5.1887,0
-12.2453,5.14174,0
-12.2377,5.09228,0
-12.2337,5.04191,0
-12.2332,4.96937,0
-12.2382,4.85027,0
-12.2412,4.72748,0
-12.2284,4.61448,0
-12.2036,4.5019,0
-12.1895,4.38437,0
-12.1769,4.36496,0
-12.1673,4.34866,0
-12.1674,4.33005,0
-12.1676,4.31276,0
-12.1721,4.29682,0
-12.1788,4.28084,0
-12.1869,4.26435,0
-12.2247,4.20639,0
-12.2736,4.13191,0
-12.2834,4.11176,0
-12.291,4.09303,0
-12.2975,4.07416,0
-12.3024,4.05009,0
-12.3074,4.01097,0
-12.3105,3.93569,0
-12.3054,3.80622,0
-12.3003,3.67815,0
-12.2965,3.5467,0
-12.2922,3.41625,0
-12.2921,3.28181,0
-12.2912,3.21555,0
-12.2908,3.19185,0
-12.2933,3.16867,0
-12.307,3.11679,0
-12.3263,3.05912,0
-12.3652,2.97346,0
-12.4156,2.8816,0
-12.4687,2.79375,0
-12.4836,2.77334,0
-12.4951,2.75835,0
-12.5102,2.74163,0
-12.5628,2.69649,0
-12.6127,2.6569,0
-12.6301,2.64238,0
-12.643,2.62843,0
-12.6562,2.61222,0
-12.6678,2.59508,0
-12.6746,2.57819,0
-12.6807,2.56039,0
-12.6863,2.54386,0
-12.6927,2.52616,0
-12.6964,2.50803,0
-12.6977,2.48915,0
-12.6954,2.43986,0
-12.6862,2.31404,0
-12.6763,2.19103,0
-12.6697,2.06667,0
-12.6636,1.93945,0
-12.6669,1.87053,0
-12.6672,1.83689,0
-12.6679,1.81629,0
-12.6705,1.79761,0
-12.6757,1.78038,0
-12.6818,1.76388,0
-12.6898,1.74706,0
-12.7006,1.73288,0
-12.7113,1.71905,0
-12.7247,1.70617,0
-12.7372,1.69346,0
-12.7611,1.67482,0
-12.815,1.64093,0
-12.876,1.60779,0
-12.942,1.57869,0
-12.9726,1.56723,0
-13.0865,1.53794,0
-13.2024,1.51119,0
-13.3171,1.48423,0
-13.4309,1.45631,0
-13.546,1.42645,0
-13.6568,1.39417,0
-13.769,1.3608,0
-13.8781,1.32233,0
-13.9802,1.28389,0
-14.05,1.25665,0
-14.0801,1.24122,0
-14.1059,1.22641,0
-14.151,1.19179,0
-14.1976,1.14472,0
-14.2529,1.08596,0
-14.2791,1.05744,0
-14.294,1.03701,0
-14.3053,1.01679,0
-14.3172,0.997989,0
-14.3327,0.960986,0
-14.3585,0.878677,0
-14.3716,0.827038,0
-14.3777,0.788787,0
-14.3793,0.760288,0
-14.3793,0.733781,0
-14.3771,0.709321,0
-14.3735,0.68545,0
-14.3657,0.657175,0
-14.354,0.623104,0
-14.3296,0.567257,0
-14.2815,0.473853,0
-14.2334,0.381576,0
-14.1806,0.29644,0
-14.1477,0.248861,0
-14.1253,0.220856,0
-14.1044,0.198023,0
-14.0804,0.174947,0
-14.0496,0.152207,0
-14.0075,0.124645,0
-13.9496,0.0925308,0
-13.8448,0.0454292,0
-13.7409,-0.0023307,0
-13.7099,-0.0237801,0
-13.6921,-0.0390318,0
-13.6724,-0.0552762,0
-13.5983,-0.125101,0
-13.5251,-0.202916,0
-13.4555,-0.275463,0
-13.4325,-0.302213,0
-13.3761,-0.387648,0
-13.3327,-0.449788,0
-13.3152,-0.473773,0
-13.2985,-0.491861,0
-13.2828,-0.508325,0
-13.2668,-0.52255,0
-13.251,-0.534934,0
-13.1993,-0.558683,0
-13.0897,-0.604735,0
-12.978,-0.647557,0
-12.8664,-0.691248,0
-12.7521,-0.732632,0
-12.648,-0.771606,0
-12.5858,-0.791953,0
-12.4825,-0.812695,0
-12.3882,-0.81973,0
-12.2632,-0.820309,0
-12.1471,-0.815702,0
-12.032,-0.803368,0
-11.9386,-0.789094,0
-11.833,-0.762358,0
-11.7333,-0.727661,0
-11.6362,-0.691872,0
-11.54,-0.648441,0
-11.4438,-0.606697,0
-11.3482,-0.561845,0
-11.2524,-0.521191,0
-11.1602,-0.476627,0
-11.0678,-0.42962,0
-10.9799,-0.379585,0
-10.9093,-0.337133,0
-10.8275,-0.27468,0
-10.7471,-0.206968,0
-10.6666,-0.135743,0
-10.5876,-0.0657945,0
-10.5097,-2.18033e-05,0
-10.4301,0.0665468,0
-10.3494,0.13166,0
-10.2659,0.194094,0
-10.1832,0.260561,0
-10.0992,0.323203,0
-10.0171,0.383205,0
-9.93421,0.445795,0
-9.84858,0.515235,0
-9.79564,0.551572,0
-9.77563,0.562963,0
-9.70455,0.591432,0
-9.60811,0.625649,0
-9.50886,0.662246,0
-9.40687,0.695468,0
-9.34249,0.713238,0
-9.29786,0.725289,0
-9.20882,0.736107,0
-9.08633,0.741522,0
-8.96344,0.745728,0
-8.93237,0.747864,0
-8.90391,0.748028,0
-8.79063,0.726007,0
-8.66768,0.698765,0
-8.54116,0.667516,0
-8.41397,0.64484,0
-8.2877,0.622403,0
-8.16134,0.604118,0
-8.14183,0.603338,0
-8.12517,0.607978,0
-8.10778,0.602169,0
-8.08746,0.59289,0
-8.05718,0.573542,0
-8.01241,0.537084,0
-7.96577,0.49695,0
-7.93425,0.467754,0
-7.871,0.392283,0
-7.81045,0.314726,0
-7.76615,0.253105,0
-7.74753,0.224052,0
-7.738,0.206782,0
-7.72927,0.189593,0
-7.72289,0.172719,0
-7.71873,0.152503,0
-7.71478,0.135329,0
-7.71489,0.118317,0
-7.7167,0.0960747,0
-7.72178,0.0617108,0
-7.73843,-0.00936633,0
-7.77415,-0.122484,0
-7.78965,-0.191499,0
-7.78921,-0.21275,0
-7.78633,-0.236069,0
-7.7792,-0.252675,0
-7.77297,-0.270189,0
-7.76739,-0.287012,0
-7.75973,-0.304456,0
-7.7528,-0.321586,0
-7.73993,-0.347739,0
-7.71851,-0.375854,0
-7.6534,-0.460633,0
-7.61445,-0.507267,0
-7.59579,-0.52892,0
-7.58005,-0.542714,0
-7.56117,-0.557599,0
-7.47063,-0.61156,0
-7.37361,-0.666305,0
-7.28399,-0.718855,0
-7.1941,-0.77326,0
-7.10578,-0.827713,0
-7.0548,-0.86163,0
-7.03105,-0.877507,0
-7.0138,-0.892747,0
-6.9986,-0.905543,0
-6.98457,-0.918891,0
-6.97222,-0.931685,0
-6.96096,-0.946568,0
-6.95178,-0.961648,0
-6.94567,-0.978424,0
-6.94039,-0.994615,0
-6.93491,-1.01442,0
-6.93259,-1.03318,0
-6.93267,-1.06237,0
-6.93636,-1.09973,0
-6.9445,-1.14343,0
-6.94983,-1.1667,0
-6.95615,-1.18611,0
-6.96368,-1.2037,0
-6.97286,-1.22232,0
-6.98263,-1.23852,0
-6.99277,-1.25251,0
-7.00451,-1.26512,0
-7.01892,-1.27748,0
-7.0539,-1.30439,0
-7.13436,-1.3628,0
-7.1495,-1.37806,0
-7.16146,-1.39211,0
-7.17375,-1.41037,0
-7.1844,-1.42932,0
-7.19497,-1.45212,0
-7.20508,-1.47621,0
-7.21498,-1.50934,0
-7.22565,-1.55774,0
-7.24134,-1.67581,0
-7.25493,-1.79553,0
-7.26898,-1.91359,0
-7.2848,-2.03103,0
-7.30322,-2.12474,0
-7.33071,-2.22913,0
-7.35605,-2.33118,0
-7.36551,-2.38355,0
-7.3697,-2.4349,0
-7.37273,-2.48425,0
-7.36992,-2.5269,0
-7.36561,-2.56077,0
-7.35773,-2.5944,0
-7.35203,-2.62316,0
-7.33176,-2.67199,0
-7.29632,-2.73714,0
-7.23762,-2.82649,0
-7.19848,-2.88096,0
-7.17077,-2.91486,0
-7.14529,-2.94004,0
-7.09717,-2.9803,0
-7.01395,-3.03813,0
-6.93103,-3.09793,0
-6.84475,-3.15729,0
-6.76027,-3.21568,0
-6.69362,-3.25825,0
-6.63563,-3.28749,0
-6.571,-3.31665,0
-6.49198,-3.34151,0
-6.40697,-3.36195,0
-6.33019,-3.37355,0
-6.2407,-3.38568,0
-6.14911,-3.38885,0
-6.01515,-3.38033,0
-5.88563,-3.36723,0
-5.75092,-3.35553,0
-5.62015,-3.34551,0
-5.58887,-3.3449,0
-5.55973,-3.34211,0
-5.53555,-3.34374,0
-5.5099,-3.34698,0
-5.48289,-3.35764,0
-5.44948,-3.37195,0
-5.40166,-3.39769,0
-5.31351,-3.45497,0
-5.22707,-3.51329,0
-5.13511,-3.56405,0
-5.09056,-3.5907,0
-5.07234,-3.60304,0
-5.05228,-3.61981,0
-5.029,-3.63957,0
-4.99191,-3.67738,0
-4.92889,-3.7602,0
-4.86993,-3.84411,0
-4.83447,-3.89371,0
-4.81947,-3.92615,0
-4.80747,-3.94623,0
-4.78983,-3.9974,0
-4.76198,-4.11907,0
-4.74546,-4.1832,0
-4.73876,-4.22358,0
-4.72925,-4.27453,0
-4.72722,-4.3215,0
-4.72455,-4.34617,0
-4.72426,-4.36713,0
-4.7502,-4.47002,0
-4.77655,-4.57174,0
-4.80524,-4.67504,0
-4.83216,-4.77933,0
-4.85783,-4.88459,0
-4.88306,-4.99209,0
-4.90412,-5.09821,0
-4.92305,-5.20458,0
-4.94434,-5.31396,0
-4.9646,-5.42474,0
-4.98081,-5.53763,0
-4.99191,-5.64957,0
-5.00321,-5.76329,0
-5.01362,-5.8781,0
-5.01955,-5.97084,0
-5.01867,-5.9931,0
-5.01398,-6.01156,0
-5.01385,-6.0309,0
-5.01101,-6.04823,0
-5.0082,-6.06488,0
-4.99943,-6.08134,0
-4.99017,-6.09692,0
-4.98085,-6.1114,0
-4.9705,-6.12513,0
-4.95743,-6.13822,0
-4.94324,-6.15054,0
-4.92204,-6.16548,0
-4.89836,-6.18262,0
-4.86676,-6.19917,0
-4.83716,-6.21301,0
-4.80145,-6.22547,0
-4.76229,-6.23464,0
-4.72281,-6.24123,0
-4.60189,-6.24932,0
-4.55028,-6.25527,0
-4.52956,-6.26083,0
-4.51242,-6.26682,0
-4.49411,-6.2744,0
-4.47578,-6.28271,0
-4.46053,-6.29249,0
-4.44569,-6.30356,0
-4.43082,-6.31661,0
-4.41731,-6.32993,0
-4.40455,-6.34354,0
-4.39361,-6.3599,0
-4.38426,-6.37695,0
-4.33604,-6.48001,0
-4.30724,-6.54562,0
-4.29941,-6.56862,0
-4.29345,-6.59237,0
-4.28382,-6.66342,0
-4.27225,-6.76096,0
-4.26491,-6.78825,0
-4.25621,-6.81158,0
-4.2459,-6.8333,0
-4.23483,-6.85443,0
-4.22125,-6.87716,0
-4.20746,-6.89611,0
-4.17586,-6.93366,0
-4.1015,-7.00555,0
-4.02392,-7.07743,0
-3.95597,-7.13344,0
-3.91503,-7.16663,0
-3.8478,-7.20931,0
-3.76222,-7.25289,0
-3.66246,-7.29197,0
-3.55549,-7.32441,0
-3.52499,-7.33416,0
-3.49219,-7.34908,0
-3.40149,-7.39735,0
-3.35835,-7.42019,0
-3.34011,-7.431,0
-3.3219,-7.43825,0
-3.30366,-7.44294,0
-3.28607,-7.44782,0
-3.26957,-7.45075,0
-3.2136,-7.45048,0
-3.07312,-7.44176,0
-2.93007,-7.43375,0
-2.79211,-7.4255,0
-2.65428,-7.4186,0
-2.60269,-7.41193,0
-2.53751,-7.40231,0
-2.46273,-7.37631,0
-2.37403,-7.34365,0
-2.27576,-7.29892,0
-2.18312,-7.24803,0
-2.09268,-7.19676,0
-2.00692,-7.13668,0
-1.94531,-7.08997,0
-1.88724,-7.03811,0
-1.83302,-6.98416,0
-1.78958,-6.92904,0
-1.74867,-6.87389,0
-1.71676,-6.82974,0
-1.69259,-6.78515,0
-1.67723,-6.74134,0
-1.6638,-6.69699,0
-1.65413,-6.65807,0
-1.64883,-6.63014,0
-1.64848,-6.60526,0
-1.64638,-6.58473,0
-1.64741,-6.56092,0
-1.64965,-6.54167,0
-1.65461,-6.52249,0
-1.6604,-6.50806,0
-1.66731,-6.49089,0
-1.6742,-6.47567,0
-1.68246,-6.4618,0
-1.69307,-6.44999,0
-1.70623,-6.4339,0
-1.72154,-6.41951,0
-1.73656,-6.4101,0
-1.75186,-6.39823,0
-1.76564,-6.38549,0
-1.78015,-6.37637,0
-1.79609,-6.36671,0
-1.81271,-6.36075,0
-1.83127,-6.35459,0
-1.85043,-6.35188,0
-1.87158,-6.35653,0
-1.88937,-6.35842,0
-1.90882,-6.36343,0
-1.95588,-6.3805,0
-2.03315,-6.40314,0
-2.0536,-6.40922,0
-2.07332,-6.41049,0
-2.09227,-6.40771,0
-2.11223,-6.40159,0
-2.13113,-6.39764,0
-2.15004,-6.39158,0
-2.16914,-6.38332,0
-2.18835,-6.3721,0
-2.20722,-6.36031,0
-2.22611,-6.34762,0
-2.24353,-6.33133,0
-2.27382,-6.30025,0
-2.30834,-6.25695,0
-2.33153,-6.22352,0
-2.3552,-6.18171,0
-2.4004,-6.08804,0
-2.44579,-5.99011,0
-2.49027,-5.89662,0
-2.53685,-5.80272,0
-2.57799,-5.72053,0
-2.592,-5.68475,0
-2.60491,-5.64772,0
-2.61211,-5.6167,0
-2.61657,-5.5805,0
-2.62003,-5.52221,0
-2.61835,-5.38779,0
-2.61731,-5.24986,0
-2.61603,-5.11541,0
-2.61146,-5.03129,0
-2.60711,-4.99528,0
-2.60653,-4.97086,0
-2.58722,-4.9052,0
-2.54489,-4.80272,0
-2.53368,-4.77103,0
-2.48215,-4.67461,0
-2.43389,-4.58182,0
-2.39117,-4.51074,0
-2.3794,-4.48655,0
-2.3664,-4.46861,0
-2.32003,-4.42279,0
-2.28288,-4.38644,0
-2.26,-4.36789,0
-2.21881,-4.34195,0
-2.13668,-4.30179,0
-2.05161,-4.26683,0
-2.02242,-4.25723,0
-2.00062,-4.25185,0
-1.98087,-4.24821,0
-1.94712,-4.24642,0
-1.88405,-4.2485,0
-1.8181,-4.25191,0
-1.79162,-4.25448,0
-1.76692,-4.2584,0
-1.74615,-4.26347,0
-1.72481,-4.27094,0
-1.69694,-4.28341,0
-1.6627,-4.30382,0
-1.59925,-4.35296,0
-1.52444,-4.41923,0
-1.45076,-4.48837,0
-1.37356,-4.5561,0
-1.29669,-4.62303,0
-1.21595,-4.68531,0
-1.13498,-4.74459,0
-1.11571,-4.75589,0
-1.10032,-4.76624,0
-1.06299,-4.81243,0
-1.01743,-4.87754,0
-0.977757,-4.94662,0
-0.952524,-5.00949,0
-0.909864,-5.12169,0
-0.865182,-5.23497,0
-0.820987,-5.35012,0
-0.773449,-5.45825,0
-0.723441,-5.56784,0
-0.667515,-5.673,0
-0.613779,-5.78426,0
-0.569314,-5.9038,0
-0.52047,-6.02773,0
-0.461162,-6.14574,0
-0.402699,-6.26714,0
-0.342727,-6.3819,0
-0.321784,-6.39643,0
-0.300695,-6.40612,0
-0.273102,-6.41292,0
-0.250086,-6.42116,0
-0.229923,-6.43048,0
-0.214435,-6.43985,0
-0.197775,-6.44938,0
-0.18266,-6.45895,0
-0.164313,-6.46393,0
-0.142721,-6.46603,0
-0.125267,-6.46884,0
-0.104476,-6.47052,0
-0.0879162,-6.47348,0
-0.070376,-6.47342,0
-0.0507392,-6.46961,0
-0.0318324,-6.46538,0
-0.00993846,-6.45795,0
0.0873089,-6.41604,0
0.180914,-6.37492,0
0.202931,-6.36709,0
0.224523,-6.36219,0
0.246935,-6.35533,0
0.266864,-6.35153,0
0.286455,-6.35058,0
0.307023,-6.35128,0
0.326574,-6.3525,0
0.344624,-6.35487,0
0.390177,-6.37314,0
0.460805,-6.4068,0
0.549064,-6.45788,0
0.639337,-6.50753,0
0.731929,-6.56001,0
0.755252,-6.57499,0
0.770621,-6.5886,0
0.78596,-6.59851,0
0.80232,-6.61454,0
0.814764,-6.63438,0
0.82524,-6.64997,0
0.876162,-6.75903,0
0.931221,-6.88613,0
0.984204,-7.01689,0
1.03823,-7.14568,0
1.09489,-7.26905,0
1.15315,-7.39043,0
1.21192,-7.51019,0
1.27418,-7.62401,0
1.34185,-7.73477,0
1.39944,-7.8571,0
1.4429,-7.9854,0
1.46651,-8.04055,0
1.50189,-8.12777,0
1.5224,-8.17259,0
1.55084,-8.20754,0
1.58558,-8.23679,0
1.61034,-8.2679,0
1.63884,-8.29535,0
1.66254,-8.32659,0
1.69009,-8.34401,0
1.72234,-8.36521,0
1.74688,-8.38443,0
1.77409,-8.40026,0
1.79149,-8.41428,0
1.81829,-8.42339,0
1.84999,-8.42634,0
1.96939,-8.4256,0
2.09214,-8.41958,0
2.21771,-8.41528,0
2.34117,-8.41432,0
2.36973,-8.41812,0
2.40246,-8.41698,0
2.46289,-8.40186,0
2.56394,-8.35983,0
2.67222,-8.3185,0
2.74985,-8.28477,0
2.7985,-8.26433,0
2.83359,-8.24305,0
2.88252,-8.20546,0
2.91828,-8.1738,0
2.96001,-8.12959,0
3.02263,-8.05052,0
3.08241,-7.96727,0
3.14544,-7.8809,0
3.20743,-7.79893,0
3.27311,-7.71591,0
3.33611,-7.62912,0
3.40056,-7.53977,0
3.46085,-7.45805,0
3.52716,-7.37931,0
3.59312,-7.29445,0
3.66013,-7.21719,0
3.72447,-7.13508,0
3.77278,-7.0736,0
3.84274,-6.99579,0
3.88319,-6.95777,0
3.90087,-6.94253,0
3.92097,-6.92723,0
4.02361,-6.87178,0
4.12182,-6.82163,0
4.14248,-6.80771,0
4.15815,-6.8048,0
4.18357,-6.79729,0
4.31439,-6.78042,0
4.44056,-6.76694,0
4.57019,-6.75331,0
4.69805,-6.73082,0
4.76161,-6.71599,0
4.80178,-6.70465,0
4.83345,-6.69273,0
4.86315,-6.67885,0
4.90114,-6.65982,0
4.94399,-6.63564,0
4.98641,-6.60437,0
5.02823,-6.56002,0
5.06669,-6.51861,0
5.09219,-6.48045,0
5.11152,-6.45508,0
5.1273,-6.42553,0
5.13972,-6.40292,0
5.15126,-6.37299,0
5.16074,-6.34473,0
5.16593,-6.31422,0
5.16917,-6.28318,0
5.17063,-6.25018,0
5.16704,-6.21314,0
5.16138,-6.17476,0
5.15268,-6.13633,0
5.14026,-6.09329,0
5.12209,-6.0504,0
5.10094,-6.00677,0
5.08179,-5.97299,0
5.06167,-5.94537,0
5.04029,-5.91985,0
5.0188,-5.89949,0
4.99397,-5.87922,0
4.97424,-5.8603,0
4.94591,-5.84484,0
4.91877,-5.83015,0
4.89263,-5.81675,0
4.86511,-5.8067,0
4.83664,-5.79998,0
4.80845,-5.79606,0
4.77845,-5.79304,0
4.7476,-5.79485,0
4.71718,-5.79945,0
4.68475,-5.80607,0
4.65318,-5.81485,0
4.62367,-5.825,0
4.59531,-5.83863,0
4.56643,-5.85376,0
4.54006,-5.87041,0
4.51433,-5.89295,0
4.49328,-5.91356,0
4.47402,-5.93598,0
4.45812,-5.95884,0
4.44309,-5.9847,0
4.42675,-6.01669,0
4.41189,-6.05272,0
4.39903,-6.0909,0
4.38872,-6.132,0
4.37819,-6.19979,0
4.36502,-6.31938,0
4.35083,-6.43979,0
4.33282,-6.5618,0
4.31282,-6.68164,0
4.28992,-6.79651,0
4.26694,-6.88124,0
4.24645,-6.92268,0
4.22855,-6.94578,0
4.196,-6.98448,0
4.15984,-7.02544,0
4.09134,-7.10206,0
4.01736,-7.17319,0
3.96328,-7.21589,0
3.9254,-7.24067,0
3.86378,-7.27513,0
3.76733,-7.32299,0
3.66948,-7.36959,0
3.57213,-7.41885,0
3.4778,-7.46728,0
3.38293,-7.51649,0
3.29077,-7.5671,0
3.25067,-7.58812,0
3.14594,-7.63079,0
3.03745,-7.66682,0
2.92924,-7.70118,0
2.81945,-7.73542,0
2.71222,-7.77308,0
2.60442,-7.81207,0
2.49746,-7.85286,0
2.38958,-7.89648,0
2.30134,-7.93103,0
2.2349,-7.94987,0
2.19777,-7.96039,0
2.13872,-7.96805,0
2.07835,-7.97434,0
2.01853,-7.97224,0
1.89603,-7.95791,0
1.77575,-7.94366,0
1.69033,-7.92664,0
1.5793,-7.90081,0
1.47302,-7.86433,0
1.37161,-7.8257,0
1.27433,-7.78682,0
1.17592,-7.74673,0
1.1061,-7.71603,0
1.04292,-7.67924,0
0.960348,-7.6223,0
0.879556,-7.56396,0
0.792363,-7.50506,0
0.703641,-7.45146,0
0.607688,-7.39776,0
0.515557,-7.35005,0
0.416686,-7.31029,0
0.325421,-7.26307,0
0.263428,-7.23219,0
0.215274,-7.19873,0
0.165887,-7.15847,0
0.129843,-7.12519,0
0.0969877,-7.08836,0
0.0316139,-7.00182,0
-0.0278211,-6.91558,0
-0.0907682,-6.82989,0
-0.157464,-6.74216,0
-0.22252,-6.65281,0
-0.290018,-6.56977,0
-0.356455,-6.48268,0
-0.424413,-6.39837,0
-0.494845,-6.31411,0
-0.569538,-6.23984,0
-0.644921,-6.16321,0
-0.722509,-6.09238,0
-0.80144,-6.02694,0
-0.879994,-5.96123,0
-0.960557,-5.90245,0
-1.04263,-5.83814,0
-1.12426,-5.77427,0
-1.20123,-5.7058,0
-1.28231,-5.63935,0
-1.35957,-5.57343,0
-1.43351,-5.50432,0
-1.51128,-5.4376,0
-1.58784,-5.36659,0
-1.62711,-5.32133,0
-1.69683,-5.23676,0
-1.76293,-5.14679,0
-1.78152,-5.12717,0
-1.79874,-5.10598,0
-1.85698,-5.05988,0
-1.93875,-5.00038,0
-1.97986,-4.96131,0
-2.01962,-4.9236,0
-2.04239,-4.89819,0
-2.06315,-4.8786,0
-2.07822,-4.85679,0
-2.09412,-4.83047,0
-2.11466,-4.78532,0
-2.15727,-4.65091,0
-2.19707,-4.52091,0
-2.2135,-4.45326,0
-2.21931,-4.41994,0
-2.22131,-4.38586,0
-2.22184,-4.34153,0
-2.21957,-4.29363,0
-2.21335,-4.24716,0
-2.19789,-4.19145,0
-2.17817,-4.12528,0
-2.14833,-4.05093,0
-2.12292,-3.99624,0
-2.10393,-3.96404,0
-2.08344,-3.93405,0
-2.0593,-3.90397,0
-2.02678,-3.86947,0
-1.94504,-3.7987,0
-1.88955,-3.73541,0
-1.81964,-3.65523,0
