0,0,0,1.45536
0,0,0,1.45536
0,0,0,1.45536
0.00110433,2.04659e-06,0.00185324,1.45697
0.00611649,8.24743e-05,0.0160451,1.93317
0.0106724,0.000223831,0.0310173,1.88082
0.0168683,0.000536236,0.0503788,1.8106
0.0229054,0.000962686,0.0705205,1.73538
0.030393,0.00170825,0.0992457,1.62459
0.0371818,0.00256396,0.125386,1.52443
0.0460799,0.00396622,0.156306,1.40392
0.0555352,0.0057656,0.188055,1.28153
0.0634898,0.00750165,0.214878,1.17603
0.0727012,0.00980536,0.245066,1.05709
0.0801325,0.0118545,0.269061,0.962501
0.0885952,0.0144284,0.29525,0.861442
0.095594,0.0167131,0.315538,0.781599
0.103576,0.0195032,0.336265,0.700242
0.110202,0.021938,0.352164,0.637932
0.117858,0.0248931,0.368355,0.577433
0.125489,0.027971,0.383376,0.518651
0.131897,0.0306374,0.394349,0.475827
0.138814,0.0336266,0.407907,0.422315
0.144224,0.0360365,0.419075,0.377967
0.150639,0.0389811,0.430292,0.336422
0.156118,0.041553,0.438924,0.302023
0.162804,0.0447606,0.447264,0.268738
0.169895,0.0482272,0.454726,0.238821
0.17607,0.0512983,0.461505,0.211422
0.18374,0.0551802,0.468527,0.18834
0.190414,0.0586097,0.474721,0.160858
0.19831,0.0627378,0.481695,0.131881
0.2049,0.0662333,0.487694,0.106732
0.212649,0.0704083,0.49418,0.0830139
0.218991,0.0738629,0.498813,0.063032
0.226494,0.0779917,0.503056,0.0442227
0.233928,0.0821112,0.506031,0.0304398
0.240097,0.0855425,0.507592,0.0226348
0.247473,0.0896552,0.508664,0.0210302
0.253598,0.093075,0.509152,0.0175884
0.260923,0.0971689,0.509689,0.0136299
0.267027,0.100583,0.509981,0.0109449
0.274347,0.104685,0.51081,0.0106012
0.280737,0.108275,0.511835,0.0048033
0.287588,0.112107,0.509932,0.0109966
0.294513,0.115961,0.507884,0.0178703
0.300305,0.119178,0.506909,0.0206216
0.30735,0.123083,0.506226,0.027221
0.313528,0.126522,0.507933,0.018844
0.321103,0.130765,0.510566,0.00619551
0.327257,0.134223,0.511932,-0.000954973
0.334722,0.138421,0.512273,0.00160924
0.341007,0.141955,0.512176,0.000512895
0.348729,0.146293,0.511883,-0.000108913
0.355971,0.150334,0.508957,0.010432
0.362141,0.153763,0.507299,0.016026
0.369446,0.157803,0.505104,0.0301582
0.375454,0.161122,0.504812,0.0302934
0.382749,0.165157,0.505202,0.0273402
0.389031,0.168652,0.50764,0.0159534
0.396338,0.172733,0.509445,0.013757
0.402499,0.176179,0.509932,0.010469
0.409851,0.18029,0.509835,0.00937413
0.416099,0.183779,0.509298,0.0103532
0.42357,0.187943,0.508421,0.0125521
0.431044,0.192103,0.507933,0.0206492
0.437376,0.19562,0.507006,0.0234225
0.444874,0.19978,0.506519,0.0241857
0.451143,0.203254,0.506031,0.0251774
0.458732,0.207452,0.505299,0.0348863
0.465042,0.210941,0.505104,0.034777
0.472557,0.215093,0.504763,0.035119
0.478831,0.218557,0.50447,0.0354477
0.486195,0.222625,0.504714,0.0419655
0.493586,0.22671,0.504812,0.0405971
0.499621,0.230048,0.505251,0.0379544
0.506798,0.234028,0.506324,0.0324464
0.51275,0.237337,0.507445,0.026857
0.519735,0.241239,0.509445,0.0265306
0.52559,0.244522,0.511103,0.018645
0.532574,0.248448,0.512078,0.0133972
0.538276,0.25165,0.511688,0.0141109
0.545125,0.255485,0.510371,0.0281827
0.552357,0.259522,0.509152,0.0323924
0.558559,0.262983,0.508957,0.0324327
0.566154,0.267214,0.508323,0.0341775
0.572569,0.270781,0.507445,0.0473741
0.580246,0.275043,0.506811,0.0493371
0.586714,0.278628,0.50608,0.0518552
0.594235,0.282791,0.505592,0.0532789
0.600459,0.286235,0.505446,0.0533788
0.607774,0.290278,0.50486,0.0663349
0.614986,0.294262,0.504617,0.0669519
0.620978,0.297566,0.504031,0.0691026
0.628002,0.301442,0.504178,0.068105
0.633822,0.304655,0.504373,0.0785051
0.640789,0.3085,0.504324,0.0784751
0.646703,0.311767,0.504812,0.0761959
0.653763,0.315668,0.504763,0.0761415
0.659816,0.319017,0.505299,0.0858756
0.667023,0.323011,0.506128,0.0822033
0.67453,0.327176,0.50647,0.0805672
0.68088,0.330705,0.507299,0.0768639
0.688411,0.334895,0.507689,0.0879383
0.694833,0.338474,0.508421,0.0847489
0.702308,0.342653,0.509737,0.0790016
0.708627,0.346194,0.510859,0.074058
0.716157,0.350429,0.512322,0.0810285
0.722361,0.353931,0.513785,0.0746724
0.729597,0.358027,0.515151,0.0686331
0.736778,0.362111,0.51715,0.0598121
0.742739,0.365514,0.518613,0.0677019
0.749851,0.369588,0.520223,0.0605729
0.755867,0.373047,0.521832,0.0534235
0.762988,0.377149,0.522661,0.0494763
0.768947,0.380599,0.524807,0.03993
0.776061,0.384734,0.526465,0.0475542
0.78214,0.388279,0.528026,0.0405106
0.789342,0.3925,0.530025,0.0314227
0.796657,0.396805,0.531976,0.0381199
0.802743,0.400404,0.534073,0.0287132
0.810012,0.404724,0.53617,0.0190961
0.816048,0.40832,0.537292,0.01369
0.823176,0.41258,0.538706,0.0237093
0.829093,0.416124,0.539731,0.0188171
0.836017,0.420282,0.540706,0.0139897
0.841924,0.423842,0.542413,0.00607833
0.848974,0.428106,0.544022,0.015737
0.856204,0.432491,0.545144,0.0102656
0.862245,0.436163,0.546168,0.00527748
0.869459,0.440554,0.546753,0.00200221
0.875495,0.444236,0.547778,0.0156107
0.882587,0.448577,0.549241,0.00874229
0.888569,0.452242,0.549728,0.0061051
0.895507,0.456502,0.550704,0.00125035
0.901427,0.460144,0.551386,0.0169557
0.908332,0.464397,0.552118,0.0133348
0.915333,0.46872,0.553191,0.00819529
0.921209,0.472352,0.553581,0.00603973
0.928269,0.476724,0.554508,0.0220493
0.934306,0.480465,0.554703,0.0209107
0.941466,0.484901,0.554703,0.020547
0.947548,0.488674,0.555239,0.0179253
0.954768,0.493157,0.555581,0.0376507
0.960819,0.496917,0.556068,0.0354621
0.968082,0.501434,0.556361,0.0340691
0.975345,0.505952,0.556556,0.0561536
0.981364,0.509702,0.55719,0.0535702
0.988502,0.514154,0.557629,0.05182
0.994379,0.517824,0.558117,0.0498184
1.00144,0.522239,0.558946,0.0700623
1.00729,0.525905,0.559531,0.0678615
1.01419,0.530233,0.560506,0.0639978
1.02004,0.53391,0.561189,0.0613088
1.02695,0.538263,0.561726,0.0835514
1.03407,0.542749,0.56236,0.081405
1.04007,0.546532,0.562701,0.0804054
1.04713,0.550991,0.56353,0.104459
1.05314,0.554795,0.564164,0.102474
1.06016,0.559244,0.564652,0.101211
1.06615,0.563043,0.565383,0.0987522
1.07325,0.567559,0.566602,0.122187
1.07916,0.571332,0.567773,0.118071
1.08621,0.575841,0.568992,0.113855
1.09326,0.580358,0.570114,0.138442
1.09914,0.58414,0.571382,0.134086
1.10619,0.588686,0.572601,0.130088
1.11207,0.592482,0.573674,0.157035
1.11904,0.597007,0.57543,0.15102
1.12492,0.600826,0.576551,0.147431
1.13186,0.605358,0.57821,0.141684
1.13779,0.609238,0.579868,0.168399
1.14467,0.613764,0.581575,0.162718
1.15168,0.618394,0.583623,0.155501
1.15748,0.622239,0.585232,0.183386
1.16435,0.626813,0.587573,0.175156
1.17027,0.630773,0.589427,0.168686
1.1772,0.635428,0.591621,0.196243
1.1831,0.63941,0.594011,0.1877
1.19003,0.644117,0.596547,0.178698
1.19587,0.648104,0.599132,0.206434
1.2028,0.652867,0.601814,0.197073
1.20973,0.657654,0.604448,0.187784
1.2155,0.661661,0.606935,0.217344
1.22228,0.666404,0.610544,0.204079
1.22794,0.670385,0.613226,0.194306
1.23464,0.675129,0.61625,0.224983
1.2403,0.679163,0.619273,0.213991
1.24698,0.683959,0.622297,0.2032
1.25268,0.688076,0.625857,0.234193
1.25938,0.692964,0.630344,0.217377
1.26614,0.697941,0.634051,0.203735
1.27183,0.702156,0.637659,0.235093
1.27852,0.707153,0.641805,0.2198
1.28411,0.711359,0.645121,0.207512
1.2907,0.71636,0.649315,0.239558
1.29612,0.720514,0.653558,0.223461
1.3025,0.725445,0.657704,0.207943
1.30794,0.729684,0.662044,0.243433
1.31442,0.734779,0.666677,0.226153
1.32097,0.739983,0.671018,0.209936
1.32647,0.744391,0.675553,0.247165
1.33302,0.749691,0.680528,0.228538
1.33847,0.75414,0.684429,0.270376
1.34509,0.759596,0.689696,0.250894
1.35056,0.764154,0.694183,0.234028
1.35701,0.769573,0.698963,0.276783
1.36234,0.7741,0.703839,0.258523
1.36866,0.77952,0.708863,0.239856
1.37498,0.784993,0.713935,0.286025
1.38028,0.789624,0.718324,0.270013
1.38649,0.795106,0.72325,0.319895
1.39166,0.799714,0.727541,0.304667
1.39787,0.8053,0.73315,0.354982
1.403,0.80997,0.738076,0.337459
1.4092,0.815673,0.743733,0.317235
1.41441,0.820525,0.74939,0.373806
1.42066,0.826412,0.755486,0.352334
1.42674,0.832204,0.761778,0.409609
1.43173,0.837023,0.767679,0.388542
1.43739,0.842557,0.77436,0.451271
1.44215,0.847269,0.779578,0.43354
1.44782,0.852948,0.786552,0.408805
1.45268,0.857876,0.792844,0.476697
1.45851,0.863888,0.800061,0.451802
1.4634,0.868985,0.806694,0.523121
1.46915,0.875079,0.814302,0.497255
1.47479,0.881133,0.82113,0.580094
1.4795,0.886258,0.827421,0.55952
1.48499,0.892327,0.835224,0.640747
1.48969,0.897595,0.84254,0.616639
1.49519,0.903887,0.852196,0.696455
1.49992,0.909389,0.860974,0.666996
1.50541,0.915919,0.871704,0.755937
1.51004,0.921531,0.88097,0.725253
1.5154,0.928179,0.891845,0.814486
1.52079,0.935015,0.903257,0.915367
1.52514,0.940645,0.91306,0.884695
1.53024,0.947417,0.925496,0.986161
1.53442,0.953107,0.937298,0.947825
1.53917,0.959781,0.951685,1.05124
1.54318,0.965557,0.964804,1.16139
1.54777,0.972424,0.981435,1.10808
1.55153,0.97824,0.996066,1.2247
1.55591,0.985287,1.01538,1.16117
1.56026,0.992614,1.03523,1.26742
1.56381,0.998865,1.05405,1.37998
1.56785,1.00636,1.07575,1.49376
1.5711,1.01266,1.09526,1.4326
1.57468,1.02005,1.11921,1.53746
1.57754,1.02627,1.14028,1.46957
1.58072,1.03366,1.16471,1.58499
1.58325,1.03993,1.18651,1.70389
1.58607,1.04744,1.21172,1.82001
1.58877,1.05531,1.2405,1.73279
1.59088,1.06199,1.26532,1.84543
1.59309,1.06987,1.29692,1.93588
1.59479,1.07663,1.32501,1.8493
1.59653,1.08472,1.35857,1.93381
1.59778,1.09149,1.38842,2.02421
1.59897,1.09951,1.42338,1.91618
1.5998,1.10657,1.45352,2.00255
1.60046,1.11469,1.48976,2.06186
1.60083,1.12299,1.5259,1.95155
1.60093,1.12996,1.55652,2.02801
1.60075,1.13807,1.59364,2.06186
1.60038,1.14482,1.6247,1.97921
1.59967,1.15271,1.66113,2.01718
1.59886,1.15938,1.69181,1.91857
1.59763,1.16713,1.72726,1.96042
1.59638,1.17377,1.7577,2.00722
1.5946,1.18161,1.79359,1.89118
1.59247,1.18962,1.83046,1.90917
1.59049,1.19626,1.86158,1.80497
1.58787,1.20398,1.89742,1.81885
1.58546,1.21045,1.92766,1.71522
1.5823,1.2181,1.96209,1.72773
1.57943,1.22452,1.99135,1.62584
1.57575,1.23207,2.02427,1.63548
1.57246,1.23836,2.05246,1.65552
1.56842,1.24554,2.08431,1.5439
1.56403,1.25277,2.11596,1.54254
1.56026,1.25863,2.14229,1.44814
1.55564,1.26538,2.17121,1.45387
1.55162,1.27096,2.1953,1.36632
1.54673,1.27738,2.22208,1.3696
1.54237,1.28284,2.24456,1.28846
1.53704,1.28917,2.27007,1.19491
1.53232,1.29454,2.29192,1.21285
1.52663,1.3007,2.3165,1.12183
1.52068,1.30684,2.34039,1.12687
1.51566,1.31182,2.36005,1.05364
1.50958,1.3176,2.38204,1.06002
1.50431,1.32241,2.40082,0.989695
1.49794,1.328,2.42174,0.995176
1.49248,1.33262,2.43935,0.929023
1.48597,1.33792,2.45832,0.937746
1.48043,1.34228,2.47417,0.878321
1.4737,1.3474,2.49197,0.811193
1.46692,1.35236,2.50933,0.821426
1.46122,1.35641,2.52396,0.765798
1.45434,1.36114,2.5401,0.775953
1.44849,1.36504,2.55352,0.725141
1.4414,1.36961,2.56863,0.736465
1.43537,1.37339,2.58166,0.687013
1.42812,1.37779,2.59604,0.632197
1.42201,1.3814,2.60814,0.649485
1.41468,1.3856,2.6216,0.598214
1.40724,1.38973,2.63447,0.611078
1.40106,1.39308,2.64564,0.568283
1.39351,1.39704,2.65793,0.521159
1.38727,1.40024,2.66803,0.539758
1.3797,1.40402,2.67875,0.499011
1.37339,1.40709,2.68783,0.464134
1.3657,1.41075,2.69792,0.481858
1.35928,1.41373,2.70694,0.447073
1.35162,1.4172,2.71606,0.465522
1.34387,1.42063,2.72548,0.429615
1.33743,1.42341,2.73299,0.400803
1.3296,1.42672,2.74181,0.417465
1.32301,1.42945,2.74908,0.389655
1.3152,1.43261,2.75698,0.359345
1.30866,1.43521,2.76371,0.381063
1.3008,1.43825,2.77171,0.350256
1.2942,1.44076,2.77849,0.32386
1.28626,1.44371,2.786,0.341694
1.27825,1.44662,2.79327,0.313624
1.27166,1.44897,2.79883,0.292094
1.26364,1.45178,2.80473,0.312836
1.25703,1.45406,2.8097,0.293828
1.24909,1.45675,2.81516,0.272914
1.24244,1.45897,2.81975,0.297812
1.23424,1.46164,2.8255,0.275775
1.22768,1.46377,2.82838,0.265376
1.21942,1.46639,2.83409,0.284791
1.2119,1.46876,2.83691,0.274984
1.20563,1.47071,2.83974,0.264699
1.19741,1.47321,2.84706,0.274957
1.19046,1.47526,2.85354,0.249168
1.18247,1.47758,2.85925,0.226698
1.17582,1.47948,2.8632,0.247457
1.16776,1.48175,2.86744,0.231294
1.16094,1.48364,2.87096,0.217811
1.15264,1.48591,2.87476,0.24082
1.14421,1.48817,2.87949,0.222573
1.13749,1.48996,2.88095,0.217783
1.12947,1.49207,2.88456,0.238989
1.12305,1.49375,2.88539,0.237028
1.11481,1.49586,2.89149,0.212801
1.10811,1.49755,2.89407,0.236332
1.10057,1.49943,2.89705,0.225393
1.09359,1.50114,2.90222,0.204775
1.08536,1.5031,2.90763,0.183097
1.07716,1.50501,2.9126,0.19402
1.07021,1.50661,2.91558,0.18252
1.06181,1.50851,2.91826,0.17237
1.05482,1.51009,2.92041,0.19801
1.04639,1.51196,2.92275,0.189557
1.03938,1.51351,2.92494,0.181378
1.03094,1.51534,2.92728,0.201257
1.02392,1.51685,2.92948,0.193216
1.01559,1.51863,2.93192,0.184256
1.00742,1.52034,2.93499,0.172421
1.00057,1.52176,2.93757,0.19147
0.992522,1.52339,2.94157,0.175731
0.985843,1.52472,2.94504,0.16192
0.977936,1.52626,2.94933,0.173856
0.971291,1.52753,2.95201,0.163399
0.963558,1.529,2.95381,0.156753
0.956973,1.53024,2.95513,0.151977
0.948905,1.53175,2.95747,0.171413
0.940759,1.53325,2.95937,0.164515
0.93389,1.5345,2.96059,0.160285
0.925708,1.53598,2.96254,0.153026
0.918781,1.53723,2.96381,0.173608
0.910519,1.53869,2.9661,0.165068
0.90347,1.53993,2.9681,0.157509
0.894948,1.54141,2.96932,0.181561
0.887841,1.54263,2.97157,0.173151
0.879431,1.54406,2.97293,0.168621
0.871038,1.54547,2.97527,0.159814
0.864171,1.54661,2.97708,0.176637
0.856008,1.54795,2.97893,0.17001
0.8492,1.54906,2.98103,0.162049
0.841128,1.55035,2.98312,0.179485
0.834358,1.55141,2.98551,0.170371
0.826334,1.55265,2.98815,0.160287
0.819452,1.5537,2.99005,0.153079
0.81126,1.55493,2.99312,0.165592
0.802755,1.55618,2.99566,0.155951
0.795651,1.55721,2.99766,0.148318
0.78714,1.55841,3.00078,0.135922
0.780009,1.55941,3.00317,0.150582
0.771685,1.56055,3.0057,0.14074
0.764506,1.56151,3.00829,0.130445
0.756219,1.5626,3.01122,0.11866
0.749164,1.5635,3.01351,0.131804
0.740935,1.56454,3.01634,0.120475
0.732597,1.56557,3.01878,0.110693
0.725611,1.56642,3.02092,0.12367
0.717364,1.56739,3.0238,0.112055
0.710438,1.5682,3.02585,0.103784
0.702348,1.56911,3.02907,0.0904416
0.695439,1.56988,3.03141,0.104315
0.687389,1.57075,3.03316,0.0973199
0.680596,1.57148,3.03506,0.0895455
0.672422,1.57233,3.03755,0.0792189
0.664193,1.57317,3.04028,0.088524
0.65719,1.57386,3.04282,0.0779641
0.64887,1.57467,3.04535,0.0673213
0.641746,1.57534,3.04726,0.0592731
0.633175,1.57613,3.04965,0.0706391
0.626004,1.57678,3.05174,0.0618185
0.617451,1.57753,3.05404,0.0498389
0.610375,1.57813,3.05618,0.042841
0.601959,1.57884,3.05803,0.0560011
0.593575,1.57952,3.06003,0.0461299
0.586506,1.58009,3.06096,0.0461029
0.578185,1.58075,3.06247,0.0369372
0.571244,1.58129,3.06408,0.0495942
0.562986,1.58192,3.0655,0.042625
0.556119,1.58244,3.06667,0.042584
0.547881,1.58305,3.06769,0.0340519
0.54097,1.58355,3.06867,0.0514692
0.532752,1.58414,3.06989,0.0463514
0.524372,1.58474,3.07086,0.0389124
0.517438,1.58522,3.07164,0.0389122
0.509143,1.5858,3.07262,0.0537496
0.50224,1.58627,3.07315,0.051617
0.494096,1.58682,3.07364,0.0496966
0.487161,1.58729,3.07413,0.0477306
0.478908,1.58785,3.07462,0.0657094
0.471929,1.58831,3.07501,0.0643609
0.463654,1.58886,3.0754,0.0630514
0.455357,1.5894,3.07608,0.0604565
0.448367,1.58986,3.07671,0.0776642
0.440145,1.59039,3.07725,0.0759084
0.433175,1.59083,3.07779,0.0740472
0.424747,1.59137,3.07857,0.0711927
0.417832,1.5918,3.07935,0.0876297
0.409619,1.5923,3.08013,0.0849557
0.402692,1.59272,3.08076,0.0827759
0.394478,1.59321,3.08193,0.0783408
0.385918,1.59371,3.0833,0.0922386
0.378708,1.59413,3.08432,0.0884883
0.370017,1.59461,3.08559,0.0837554
0.362882,1.59501,3.08647,0.0805281
0.354568,1.59546,3.08759,0.0953177
0.347541,1.59583,3.08856,0.0918018
0.339345,1.59626,3.08973,0.0875004
0.332392,1.59661,3.09095,0.0828306
0.324217,1.59701,3.09242,0.0959576
0.317393,1.59734,3.09364,0.091383
0.309217,1.59772,3.0949,0.0866614
0.300889,1.5981,3.09656,0.0801979
0.293858,1.5984,3.09773,0.0931564
0.285378,1.59876,3.09978,0.0851193
0.278194,1.59905,3.10154,0.078144
0.269723,1.59938,3.10285,0.0730711
0.262756,1.59964,3.10383,0.0693163
0.254674,1.59994,3.10427,0.0878135
0.247923,1.60019,3.10505,0.0850569
0.240035,1.60047,3.10607,0.0813043
0.232028,1.60074,3.10744,0.0760327
0.225178,1.60096,3.10924,0.0872978
0.216813,1.60122,3.11056,0.0823611
0.20967,1.60143,3.11192,0.0770531
0.201066,1.60168,3.11344,0.0711465
0.19375,1.60188,3.11402,0.0875765
0.1852,1.60211,3.1149,0.0845695
0.177949,1.60229,3.11568,0.0818304
0.169669,1.6025,3.1167,0.07808
0.162655,1.60267,3.11797,0.0903892
0.15445,1.60285,3.11904,0.0865461
0.14618,1.60303,3.12051,0.0809641
0.139177,1.60317,3.12173,0.076268
0.131026,1.60331,3.12324,0.0898318
0.124043,1.60343,3.12495,0.08314
0.115816,1.60356,3.12651,0.0771019
0.108822,1.60365,3.12797,0.0713212
0.100519,1.60375,3.12938,0.0840607
0.0934169,1.60383,3.13055,0.0796468
0.0851131,1.60391,3.13207,0.073794
0.076571,1.60397,3.13397,0.0661877
0.0694904,1.60402,3.13504,0.0802623
0.0609482,1.60407,3.13626,0.0757222
0.0538567,1.60409,3.13777,0.0697482
0.0454768,1.60411,3.13992,0.0610384
0.0383744,1.60411,3.14158,0.0714014
0.0301569,1.6041,-3.14019,0.0658959
0.0231736,1.60408,-3.13937,0.0627757
0.0149669,1.60406,-3.13849,0.0594761
0.0067711,1.60402,-3.13766,0.0563417
-0.000114641,1.60399,-3.1361,0.0696287
-0.00826703,1.60393,-3.13468,0.0641098
-0.0152176,1.60388,-3.1342,0.0624556
-0.0235431,1.60381,-3.13307,0.0581154
-0.0307859,1.60374,-3.13205,0.0726477
-0.0393386,1.60365,-3.13098,0.0686879
-0.0466786,1.60356,-3.12912,0.0612141
-0.0552094,1.60344,-3.12825,0.0579401
-0.0623219,1.60334,-3.12742,0.072252
-0.0706251,1.60321,-3.1262,0.0676466
-0.0788957,1.60308,-3.12542,0.0648761
-0.085683,1.60296,-3.1243,0.060495
-0.0937477,1.60282,-3.12347,0.0773049
-0.100556,1.60268,-3.12225,0.0726525
-0.108772,1.60251,-3.12103,0.0680535
-0.115732,1.60236,-3.12,0.0641498
-0.124013,1.60217,-3.1183,0.0761645
-0.131134,1.602,-3.11732,0.0725913
-0.13949,1.60179,-3.11654,0.0699157
-0.146623,1.6016,-3.11522,0.0647879
-0.155108,1.60137,-3.11415,0.0785655
-0.163581,1.60112,-3.11274,0.0732433
-0.170691,1.60091,-3.11162,0.0690054
-0.179013,1.60065,-3.11049,0.0648042
-0.18609,1.60042,-3.10962,0.0818235
-0.19439,1.60015,-3.1083,0.0769623
-0.201315,1.59991,-3.10684,0.0712827
-0.209397,1.59962,-3.10552,0.0662591
-0.21617,1.59936,-3.10435,0.0798558
-0.224295,1.59905,-3.10313,0.0753858
-0.23256,1.59872,-3.10176,0.0702311
-0.239451,1.59844,-3.10064,0.0659565
-0.247769,1.59809,-3.09913,0.0795784
-0.254713,1.59778,-3.09767,0.0739514
-0.263031,1.5974,-3.09645,0.0694293
-0.270147,1.59707,-3.09518,0.0645408
-0.278572,1.59667,-3.09406,0.0812781
-0.285709,1.59632,-3.0926,0.0756994
-0.2941,1.5959,-3.09094,0.0693176
-0.301192,1.59553,-3.08986,0.0652817
-0.309582,1.59509,-3.0885,0.0789174
-0.317939,1.59463,-3.08699,0.0732243
-0.324879,1.59424,-3.0863,0.0709178
-0.333061,1.59377,-3.08421,0.0625594
-0.340022,1.59337,-3.08313,0.0584449
-0.348376,1.59287,-3.08201,0.0748001
-0.355444,1.59244,-3.08074,0.0700014
-0.363829,1.59192,-3.07987,0.066943
-0.370918,1.59147,-3.07831,0.0802889
-0.379291,1.59093,-3.0766,0.0737919
-0.387717,1.59036,-3.07514,0.0682655
-0.394695,1.58989,-3.07387,0.0633914
-0.403023,1.58932,-3.07265,0.081082
-0.409924,1.58883,-3.07123,0.075728
-0.418239,1.58823,-3.06977,0.0702313
-0.425193,1.58772,-3.06841,0.0649664
-0.433549,1.5871,-3.06675,0.0787839
-0.440653,1.58655,-3.06528,0.0732246
-0.448921,1.58591,-3.06402,0.0685484
-0.45599,1.58535,-3.06251,0.0626515
-0.46431,1.58467,-3.0606,0.0770368
-0.472878,1.58397,-3.05914,0.0716154
-0.480009,1.58337,-3.05773,0.0661974
-0.488466,1.58264,-3.05617,0.0601864
-0.495682,1.58202,-3.05495,0.0779739
-0.504138,1.58127,-3.05368,0.0734128
-0.511126,1.58065,-3.05329,0.0724416
-0.519171,1.57993,-3.0527,0.070711
-0.525922,1.57933,-3.05251,0.0934882
-0.533901,1.57861,-3.05202,0.0924527
-0.540694,1.57799,-3.05046,0.0866006
-0.548736,1.57725,-3.0489,0.0808208
-0.557003,1.57646,-3.04729,0.0971088
-0.564009,1.57579,-3.04612,0.0930301
-0.57235,1.57499,-3.04544,0.0911802
-0.579451,1.5743,-3.04422,0.0868194
-0.587758,1.57347,-3.04309,0.105917
-0.594836,1.57277,-3.04236,0.103838
-0.603196,1.57193,-3.04149,0.101277
-0.610251,1.57122,-3.04066,0.124509
-0.618555,1.57036,-3.03905,0.119054
-0.626965,1.56948,-3.03773,0.1148
-0.633964,1.56875,-3.03695,0.112576
-0.64221,1.56787,-3.03529,0.130741
-0.649143,1.56712,-3.03422,0.127422
-0.657301,1.56623,-3.03256,0.121738
-0.664123,1.56547,-3.031,0.11617
-0.672214,1.56456,-3.02973,0.136824
-0.679141,1.56377,-3.02778,0.129761
-0.687369,1.56282,-3.02627,0.124738
-0.695713,1.56183,-3.02432,0.144369
-0.702732,1.56099,-3.02232,0.137197
-0.711062,1.55998,-3.02071,0.131868
-0.718132,1.55911,-3.01847,0.123486
-0.726586,1.55804,-3.01608,0.14083
-0.733598,1.55714,-3.01378,0.132343
-0.741864,1.55606,-3.01135,0.123334
-0.748818,1.55513,-3.00901,0.114412
-0.756929,1.55403,-3.00666,0.134086
-0.765241,1.55288,-3.00437,0.125755
-0.77206,1.55192,-3.00242,0.118532
-0.780184,1.55077,-2.99989,0.136796
-0.786988,1.54978,-2.9972,0.126547
-0.795042,1.54859,-2.99486,0.117864
-0.801916,1.54756,-2.99281,0.110146
-0.810061,1.54631,-2.98994,0.127928
-0.817036,1.54523,-2.98779,0.119939
-0.825196,1.54394,-2.98462,0.107601
-0.832165,1.54281,-2.98169,0.125731
-0.840381,1.54147,-2.97911,0.116049
-0.848679,1.54008,-2.97633,0.105396
-0.855789,1.53888,-2.97438,0.130099
-0.864049,1.53747,-2.97204,0.12156
-0.871153,1.53624,-2.9697,0.112708
-0.879565,1.53475,-2.96701,0.102465
-0.886642,1.53349,-2.96477,0.125809
-0.895026,1.53197,-2.96199,0.115344
-0.90199,1.53068,-2.95965,0.10641
-0.910249,1.52914,-2.95711,0.130091
-0.917206,1.52783,-2.95468,0.120805
-0.92548,1.52625,-2.95302,0.115252
-0.933729,1.52465,-2.95058,0.140482
-0.940689,1.52329,-2.94877,0.13419
-0.948974,1.52166,-2.94653,0.126177
-0.955917,1.52027,-2.94409,0.152556
-0.964183,1.51859,-2.9418,0.144597
-0.971068,1.51719,-2.94029,0.139601
-0.979264,1.5155,-2.938,0.131431
-0.986207,1.51405,-2.93629,0.161428
-0.994311,1.51234,-2.9338,0.152694
-1.00118,1.51088,-2.9319,0.146089
-1.00922,1.50915,-2.92932,0.177586
-1.01745,1.50735,-2.92688,0.169316
-1.02419,1.50587,-2.92512,0.163502
-1.03202,1.50412,-2.92224,0.19333
-1.03863,1.50263,-2.91961,0.183962
-1.04629,1.50088,-2.91703,0.174974
-1.05274,1.4994,-2.91498,0.208717
-1.06046,1.49759,-2.91225,0.19945
-1.0671,1.49603,-2.9103,0.193095
-1.07497,1.49415,-2.90713,0.225577
-1.08314,1.49217,-2.90327,0.211821
-1.09016,1.49044,-2.90054,0.202348
-1.09867,1.48832,-2.89703,0.23527
-1.10594,1.48648,-2.8941,0.225335
-1.11449,1.48429,-2.89074,0.21378
-1.12173,1.48241,-2.88708,0.249914
-1.13027,1.48015,-2.88289,0.235142
-1.13863,1.4779,-2.87889,0.268698
-1.1456,1.476,-2.87523,0.255897
-1.15357,1.47379,-2.87113,0.241406
-1.16031,1.47189,-2.86767,0.282164
-1.1681,1.46966,-2.86289,0.265024
-1.17467,1.46776,-2.85938,0.252634
-1.18239,1.46548,-2.85485,0.290571
-1.18898,1.46351,-2.85104,0.277241
-1.19681,1.46114,-2.84719,0.322643
-1.20468,1.4587,-2.84177,0.30338
-1.21136,1.4566,-2.83714,0.286652
-1.21919,1.4541,-2.83192,0.327477
-1.22588,1.45193,-2.82744,0.311701
-1.2338,1.44931,-2.82285,0.295881
-1.24038,1.44711,-2.8188,0.344294
-1.24812,1.44448,-2.81359,0.32611
-1.25457,1.44225,-2.80876,0.376158
-1.26228,1.43953,-2.80334,0.357596
-1.27008,1.43674,-2.79715,0.335402
-1.27676,1.4343,-2.79144,0.384889
-1.28464,1.43137,-2.7853,0.363381
-1.29135,1.42883,-2.77969,0.418461
-1.29929,1.42576,-2.77306,0.395415
-1.30591,1.42316,-2.76755,0.451846
-1.31372,1.42003,-2.76087,0.429035
-1.32029,1.41736,-2.75487,0.492979
-1.32797,1.41417,-2.74814,0.470525
-1.33562,1.41092,-2.74014,0.442158
-1.34209,1.40812,-2.73297,0.501652
-1.34958,1.4048,-2.72473,0.472619
-1.35595,1.40193,-2.71795,0.540603
-1.36337,1.39851,-2.71,0.51342
-1.36977,1.39551,-2.70303,0.587709
-1.37724,1.39193,-2.6941,0.557128
-1.38355,1.38883,-2.68566,0.631938
-1.39081,1.38518,-2.67596,0.59855
-1.39819,1.38139,-2.66621,0.671185
-1.4044,1.37812,-2.65752,0.641645
-1.41179,1.37413,-2.6467,0.72163
-1.41804,1.37069,-2.63787,0.692311
-1.42534,1.36655,-2.62631,0.774283
-1.43156,1.36295,-2.61588,0.738837
-1.43872,1.35867,-2.60359,0.826894
-1.44607,1.35416,-2.59056,0.916428
-1.45212,1.35035,-2.57925,0.879514
-1.45922,1.34574,-2.56598,0.977839
-1.46517,1.34177,-2.55365,0.937479
-1.47215,1.33696,-2.53809,1.03473
-1.47809,1.33274,-2.52399,1.14415
-1.48483,1.32778,-2.50717,1.09022
-1.49053,1.32345,-2.49239,1.20502
-1.49705,1.31831,-2.47352,1.31304
-1.50357,1.31294,-2.45284,1.24696
-1.50889,1.3084,-2.43538,1.36557
-1.51503,1.30292,-2.41256,1.46842
-1.52016,1.29816,-2.39305,1.40683
-1.52604,1.29243,-2.36959,1.51832
-1.5309,1.2875,-2.34877,1.63746
-1.5365,1.28153,-2.32506,1.56633
-1.54106,1.27647,-2.30307,1.68881
-1.54627,1.27034,-2.27532,1.79268
-1.55151,1.2638,-2.24723,1.70824
-1.5558,1.25818,-2.22153,1.82058
-1.56064,1.25137,-2.18924,1.90761
-1.5645,1.24562,-2.16193,2.00847
-1.56891,1.23855,-2.12882,1.91006
-1.5724,1.23259,-2.09955,2.00615
-1.57619,1.22553,-2.06405,2.06186
-1.57976,1.21829,-2.02884,1.9641
-1.58258,1.21212,-1.99919,2.04798
-1.58565,1.20469,-1.96295,2.06186
-1.58807,1.1983,-1.93276,2.01548
-1.59069,1.19055,-1.89648,2.06186
-1.59272,1.18384,-1.86492,1.96535
-1.59481,1.17586,-1.82727,2.00606
-1.59636,1.16905,-1.79455,2.05025
-1.59785,1.16119,-1.75763,1.93228
-1.59906,1.1532,-1.72125,1.9624
-1.59988,1.1464,-1.69038,1.86137
-1.60055,1.13842,-1.65448,1.88228
-1.60091,1.13146,-1.62352,1.7782
-1.60105,1.12328,-1.58801,1.79561
-1.60096,1.11632,-1.55773,1.81959
-1.60058,1.10822,-1.52403,1.70568
-1.60006,1.10133,-1.49545,1.72972
-1.59918,1.09318,-1.46233,1.61527
-1.598,1.08492,-1.42902,1.61467
-1.59683,1.07809,-1.40142,1.51676
-1.59517,1.06991,-1.37035,1.5181
-1.59357,1.063,-1.34387,1.42306
-1.59144,1.05488,-1.31437,1.42371
-1.58944,1.04796,-1.2894,1.33273
-1.58684,1.03983,-1.26111,1.33028
-1.58449,1.03304,-1.23731,1.2433
-1.58149,1.02506,-1.21083,1.24371
-1.57825,1.0171,-1.18479,1.14786
-1.57544,1.01058,-1.1643,1.16179
-1.57198,1.00302,-1.1408,1.07476
-1.56894,0.996707,-1.12192,1.00427
-1.56521,0.989373,-1.10027,1.00977
-1.56192,0.983185,-1.08276,0.94429
-1.55794,0.976012,-1.06364,0.955199
-1.55442,0.969926,-1.0474,0.894458
-1.55018,0.962863,-1.0298,0.90553
-1.54571,0.955714,-1.01161,0.837326
-1.54186,0.949758,-0.99683,0.781465
-1.53711,0.942684,-0.979517,0.789631
-1.53304,0.93681,-0.965081,0.734768
-1.52807,0.929874,-0.949182,0.743216
-1.52384,0.924131,-0.935673,0.691845
-1.51869,0.917356,-0.92075,0.634895
-1.5134,0.910616,-0.90607,0.643513
-1.50893,0.905054,-0.894024,0.597385
-1.50356,0.898537,-0.881344,0.612026
-1.49898,0.893099,-0.870468,0.570623
-1.49344,0.886683,-0.858422,0.524606
-1.48881,0.881434,-0.848668,0.546438
-1.4833,0.8753,-0.838329,0.507374
-1.47861,0.870181,-0.829502,0.527619
-1.47302,0.86419,-0.819797,0.491054
-1.4673,0.858183,-0.810141,0.454308
-1.46247,0.853195,-0.801801,0.475168
-1.45658,0.84722,-0.792486,0.43978
-1.45163,0.842268,-0.785122,0.411711
-1.44563,0.836382,-0.776246,0.426266
-1.44049,0.83141,-0.768199,0.395216
-1.43426,0.825496,-0.759762,0.362749
-1.42912,0.820678,-0.75269,0.382372
-1.42285,0.814893,-0.745082,0.353321
-1.41658,0.809198,-0.737767,0.32515
-1.41138,0.804522,-0.732402,0.349853
-1.40516,0.798994,-0.726014,0.325597
-1.39985,0.794336,-0.720746,0.305462
-1.3936,0.788908,-0.71465,0.32371
-1.38825,0.784317,-0.709334,0.303359
-1.38182,0.778872,-0.702897,0.278375
-1.37638,0.774307,-0.698117,0.300107
-1.36989,0.768924,-0.692216,0.277415
-1.36331,0.763527,-0.686949,0.25719
-1.35786,0.759102,-0.682462,0.277872
-1.35123,0.753768,-0.677488,0.258931
-1.34573,0.749378,-0.673489,0.243596
-1.33914,0.744168,-0.668905,0.26159
-1.33359,0.73982,-0.664857,0.246091
-1.32698,0.73468,-0.660272,0.228417
-1.32021,0.729468,-0.656225,0.246754
-1.31451,0.725109,-0.652664,0.233237
-1.30768,0.719942,-0.647641,0.213567
-1.30194,0.715641,-0.643642,0.231338
-1.29565,0.710936,-0.641789,0.225157
-1.29033,0.706983,-0.639253,0.215708
-1.28347,0.701942,-0.633986,0.224738
-1.2783,0.698156,-0.63184,0.216934
-1.27149,0.693235,-0.625792,0.192654
-1.26449,0.688244,-0.619452,0.166849
-1.25896,0.684331,-0.615453,0.180098
-1.25229,0.679653,-0.61204,0.166699
-1.24672,0.675763,-0.609211,0.155492
-1.23998,0.671094,-0.606041,0.170503
-1.23427,0.667156,-0.603359,0.160003
-1.22739,0.662447,-0.600335,0.148085
-1.22154,0.658468,-0.59775,0.137783
-1.21448,0.653686,-0.594921,0.152791
-1.20732,0.648868,-0.592434,0.143149
-1.20144,0.644935,-0.590045,0.133652
-1.19439,0.640237,-0.587362,0.148072
-1.18857,0.636381,-0.584973,0.13864
-1.18164,0.631819,-0.582437,0.128598
-1.17587,0.628035,-0.58073,0.121889
-1.16901,0.623554,-0.578437,0.137112
-1.16308,0.619699,-0.576731,0.130528
-1.1561,0.615175,-0.574438,0.121458
-1.1489,0.610536,-0.572439,0.136105
-1.14284,0.606646,-0.570829,0.12996
-1.1356,0.602012,-0.569269,0.12408
-1.12952,0.598132,-0.568196,0.120106
-1.12237,0.593585,-0.566099,0.133163
-1.11633,0.589762,-0.564538,0.127201
-1.10927,0.585319,-0.5621,0.11749
-1.10334,0.581595,-0.56049,0.111136
-1.09629,0.57719,-0.558344,0.123836
-1.08923,0.572799,-0.556296,0.115785
-1.08327,0.56911,-0.554687,0.109429
-1.0763,0.564819,-0.551858,0.0978236
-1.07042,0.561215,-0.549859,0.109139
-1.0634,0.556933,-0.547323,0.0988184
-1.05751,0.553361,-0.545372,0.0908304
-1.05041,0.549072,-0.543519,0.0832304
-1.04338,0.544836,-0.542348,0.0974011
-1.03754,0.541322,-0.541275,0.0931928
-1.0305,0.537095,-0.54108,0.0927906
-1.02456,0.533528,-0.54069,0.0914734
-1.01742,0.529247,-0.540056,0.107058
-1.01138,0.525623,-0.540007,0.107382
-1.00411,0.521278,-0.538934,0.103391
-0.997991,0.517627,-0.538154,0.117532
-0.990718,0.513293,-0.537374,0.114949
-0.983356,0.508919,-0.536057,0.110018
-0.977256,0.505302,-0.535228,0.107014
-0.970003,0.501018,-0.53357,0.116476
-0.963997,0.497477,-0.532594,0.112912
-0.956809,0.493253,-0.531326,0.108153
-0.950737,0.489697,-0.529863,0.102398
-0.943597,0.485521,-0.52918,0.115493
-0.937574,0.482008,-0.52801,0.111082
-0.93049,0.477886,-0.526986,0.107346
-0.923262,0.473688,-0.526205,0.104622
-0.917106,0.470125,-0.524694,0.113043
-0.909734,0.465873,-0.523133,0.107048
-0.903548,0.462319,-0.521524,0.100668
-0.896208,0.458121,-0.519524,0.092611
-0.890019,0.454592,-0.518256,0.101303
-0.882742,0.450459,-0.516452,0.0941071
-0.876485,0.446919,-0.514891,0.0878124
-0.869108,0.442764,-0.51294,0.0798164
-0.8616,0.438555,-0.510941,0.0846331
-0.855522,0.43516,-0.509429,0.0784538
-0.84819,0.43108,-0.507722,0.0714092
-0.841941,0.427615,-0.506356,0.0657254
-0.834577,0.423547,-0.504649,0.0708195
-0.828306,0.420099,-0.502845,0.063256
-0.82103,0.416119,-0.500504,0.0504242
-0.814993,0.412831,-0.4987,0.0455588
-0.807988,0.409032,-0.496944,0.0379257
-0.801026,0.405268,-0.495627,0.043865
-0.795137,0.402091,-0.494652,0.0396201
-0.788012,0.398263,-0.493042,0.0325709
-0.781954,0.395014,-0.492311,0.0292632
-0.774718,0.391142,-0.491335,0.0359609
-0.76853,0.387837,-0.490555,0.0324966
-0.761136,0.383893,-0.48997,0.0298082
-0.754921,0.38059,-0.488507,0.0233382
-0.747401,0.376608,-0.487044,0.0271385
-0.73977,0.372578,-0.485824,0.0216658
-0.733457,0.369254,-0.484703,0.0166051
-0.725913,0.365294,-0.483386,0.0105877
-0.719639,0.362011,-0.482118,0.00478813
-0.712105,0.358078,-0.481094,0.00977762
-0.705778,0.354781,-0.480362,0.00630627
-0.698324,0.350905,-0.479484,0.00210152
-0.690838,0.347018,-0.478948,-0.000675577
-0.684658,0.343813,-0.478411,0.00599278
-0.677294,0.339999,-0.477826,0.00308955
-0.671197,0.336847,-0.477241,0.000230057
-0.663867,0.333061,-0.476753,-0.00231073
-0.657738,0.329898,-0.476314,0.00411374
-0.650462,0.326149,-0.475827,0.00165119
-0.644273,0.322961,-0.47568,0.000697767
-0.63689,0.319159,-0.475534,-0.000326706
-0.629317,0.315254,-0.476071,0.00158593
-0.622968,0.311976,-0.476558,0.0115363
-0.615398,0.308065,-0.4769,0.0127794
-0.608965,0.304735,-0.477729,0.016178
-0.601325,0.300771,-0.478558,0.0195944
-0.59488,0.297419,-0.479582,0.0283808
-0.587331,0.29349,-0.479972,0.0331814
-0.58108,0.290234,-0.480216,0.0342843
-0.573714,0.2864,-0.479875,0.0328776
-0.566411,0.28261,-0.478704,0.0350374
-0.560268,0.279427,-0.47807,0.0323773
-0.553026,0.275682,-0.477241,0.0274041
-0.547032,0.272589,-0.476412,0.0273831
-0.540008,0.268967,-0.476022,0.0273391
-0.534138,0.265939,-0.476314,0.0313367
-0.527174,0.262341,-0.4769,0.0339276
-0.521212,0.259257,-0.477387,0.0361095
-0.514032,0.255536,-0.478119,0.0393912
-0.506698,0.251734,-0.478265,0.0461816
-0.50047,0.248503,-0.478558,0.0476583
-0.493089,0.244675,-0.47846,0.0475029
-0.486802,0.241416,-0.478265,0.0468829
-0.479364,0.237556,-0.478655,0.0488255
-0.473098,0.234306,-0.47846,0.0538542
-0.465631,0.230432,-0.478607,0.0548341
-0.459269,0.227131,-0.478607,0.0551358
-0.451646,0.22318,-0.478168,0.0535964
-0.444042,0.21924,-0.478021,0.0583041
-0.437696,0.215956,-0.477534,0.0565326
-0.43006,0.212007,-0.477339,0.0560657
-0.423704,0.208719,-0.477387,0.0565822
-0.416212,0.204844,-0.477339,0.0567339
-0.409865,0.201562,-0.477143,0.0607185
-0.402582,0.197803,-0.476509,0.0583782
-0.396489,0.194666,-0.475485,0.0542645
-0.389335,0.190988,-0.474851,0.0518333
-0.382042,0.187248,-0.473925,0.0522858
-0.375903,0.184104,-0.473291,0.0497966
-0.368692,0.180418,-0.47251,0.0466806
-0.362509,0.177268,-0.471194,0.0411816
-0.355096,0.173501,-0.470121,0.036695
-0.348779,0.170302,-0.468853,0.0349547
-0.341232,0.166488,-0.467829,0.027902
-0.33493,0.163308,-0.467341,0.0279085
-0.327376,0.159508,-0.466122,0.0232591
-0.319595,0.155605,-0.464951,0.0181304
-0.313138,0.152372,-0.46422,0.0180945
-0.305292,0.148454,-0.463147,0.0133301
-0.298859,0.145246,-0.462561,0.0106562
-0.29127,0.141468,-0.46183,0.00728663
-0.284889,0.138299,-0.46105,0.00638433
-0.277499,0.134632,-0.460659,0.00445788
-0.271145,0.131483,-0.460025,0.00149613
-0.26379,0.127843,-0.459538,-0.000904695
-0.256306,0.124145,-0.458904,-0.0039704
-0.250053,0.121061,-0.458318,-0.00444359
-0.242663,0.117418,-0.45788,-0.00669081
-0.236407,0.114338,-0.457587,-0.0082684
-0.229015,0.110701,-0.457246,-0.0101318
-0.222728,0.10761,-0.456904,-0.010141
-0.215245,0.103936,-0.456416,-0.0126529
-0.208918,0.100831,-0.45627,-0.0136453
-0.201445,0.0971597,-0.456612,-0.0125997
-0.193835,0.093423,-0.456465,-0.013656
-0.187528,0.0903268,-0.456319,-0.0132536
-0.180083,0.0866731,-0.456221,-0.0140849
-0.173891,0.0836356,-0.456075,-0.0150616
-0.166611,0.0800623,-0.456319,-0.0144181
-0.16041,0.0770203,-0.456026,-0.0160236
-0.153051,0.0734128,-0.455782,-0.0165471
-0.146798,0.0703519,-0.455246,-0.019222
-0.139368,0.0667171,-0.454953,-0.0209404
-0.131784,0.0630026,-0.455441,-0.0193035
-0.125415,0.0598824,-0.455587,-0.0185269
-0.117822,0.0561616,-0.455636,-0.0187506
-0.1113,0.0529619,-0.456075,-0.0172235
-0.103573,0.0491707,-0.456124,-0.0174283
-0.0970532,0.0459653,-0.456953,-0.014191
-0.0893402,0.0421694,-0.457343,-0.012803
-0.0829107,0.0390021,-0.457733,-0.0114035
-0.0753084,0.0352509,-0.458367,-0.00897554
-0.067803,0.0315481,-0.458318,-0.0094685
-0.061571,0.0284697,-0.458806,-0.00796173
-0.0542236,0.0248382,-0.45905,-0.0071636
-0.0480796,0.0218018,-0.459001,-0.00757969
-0.0407417,0.0181754,-0.459001,-0.00782737
-0.0345865,0.0151372,-0.458514,-0.0101436
-0.027278,0.0115248,-0.45905,-0.00890096
-0.0210199,0.00842593,-0.459782,-0.00595656
-0.0136577,0.00477543,-0.460318,-0.00385196
-0.00745131,0.00169424,-0.460806,-0.00190456
-0.000100244,-0.00195432,-0.460708,-0.00249277
0.00727974,-0.00561768,-0.460757,-0.00370229
0.0134949,-0.0087055,-0.461098,-0.00238331
0.0208819,-0.0123791,-0.461488,-0.000861952
0.0270746,-0.0154636,-0.462122,0.00175492
0.034468,-0.0191485,-0.462366,0.000986578
0.0406511,-0.0222279,-0.462074,-0.000384929
0.0479785,-0.0258754,-0.461879,-0.00137117
0.0541736,-0.0289551,-0.461342,-0.00381873
0.0614737,-0.0325846,-0.461391,-0.00378602
0.0690432,-0.0363531,-0.461927,-0.00379324
0.075332,-0.0394874,-0.462366,-0.00204891
0.0829172,-0.043273,-0.462903,0.000114101
0.0894072,-0.0465135,-0.463098,0.000844189
0.09705,-0.0503292,-0.463049,-0.00205681
0.103627,-0.0536125,-0.463,-0.00240924
0.11122,-0.0574074,-0.463488,-0.000461495
0.117628,-0.0606186,-0.464561,0.00406168
0.125096,-0.0643728,-0.465829,0.0105255
0.132569,-0.0681388,-0.466756,0.0110697
0.1387,-0.0712265,-0.466561,0.0110543
0.145916,-0.0748553,-0.465975,0.011006
0.152059,-0.0779421,-0.465634,0.00546676
0.159402,-0.0816299,-0.46539,0.00434343
0.165586,-0.0847332,-0.465146,-0.000306088
0.172988,-0.0884479,-0.465097,-0.000660953
0.1792,-0.0915673,-0.46539,0.000481721
0.186483,-0.0952298,-0.465927,0.0026769
0.19396,-0.0989907,-0.466073,-0.000743604
0.20014,-0.102101,-0.466317,0.000184151
0.207538,-0.105825,-0.466268,-0.000165881
0.213824,-0.108988,-0.466268,-0.000285946
0.221319,-0.112761,-0.466317,-0.000217771
0.227712,-0.115977,-0.46617,-0.00534418
0.235159,-0.119725,-0.46617,-0.00555463
0.241563,-0.122944,-0.46578,-0.00742319
0.249175,-0.126771,-0.465927,-0.00702533
0.256779,-0.130592,-0.465634,-0.0134767
0.263203,-0.133819,-0.465439,-0.0145885
0.270702,-0.137583,-0.465195,-0.0159683
0.277032,-0.140757,-0.464902,-0.0175176
0.284581,-0.144542,-0.464707,-0.0187171
0.29089,-0.147709,-0.465293,-0.0219936
0.298396,-0.151483,-0.465878,-0.0198689
0.304576,-0.154593,-0.466219,-0.0187057
0.311847,-0.158257,-0.466707,-0.0169437
0.319233,-0.16198,-0.466902,-0.0221982
0.32537,-0.165078,-0.467536,-0.019792
0.332877,-0.168875,-0.468267,-0.0169979
0.339176,-0.172063,-0.468463,-0.016437
0.346595,-0.175818,-0.46856,-0.0163371
0.353001,-0.179056,-0.468024,-0.0254657
0.36049,-0.18284,-0.467877,-0.0265437
0.366819,-0.186039,-0.468024,-0.0262927
0.374288,-0.189815,-0.468072,-0.0265242
0.381797,-0.193608,-0.467731,-0.0353218
0.388224,-0.196853,-0.467487,-0.0368571
0.395782,-0.200668,-0.467487,-0.0374351
0.402198,-0.203911,-0.467975,-0.0358161
0.40984,-0.207777,-0.468414,-0.04188
0.416272,-0.211036,-0.468901,-0.0403132
0.423957,-0.214936,-0.469584,-0.0379755
0.430309,-0.218162,-0.470072,-0.0363492
0.437815,-0.221984,-0.470852,-0.0335127
0.445329,-0.225814,-0.471486,-0.0392953
0.451531,-0.228977,-0.471633,-0.0391471
0.458946,-0.232763,-0.472071,-0.0378169
0.465145,-0.235932,-0.47251,-0.0363771
0.472499,-0.239695,-0.472949,-0.0434336
0.478665,-0.242855,-0.473632,-0.0410003
0.485967,-0.246602,-0.47412,-0.0394665
0.492216,-0.249813,-0.474656,-0.0376203
0.499648,-0.253639,-0.475339,-0.0351968
0.507115,-0.257491,-0.476314,-0.0407623
0.513375,-0.260729,-0.477339,-0.0368224
0.520671,-0.26451,-0.478168,-0.0337478
0.526801,-0.267693,-0.47885,-0.0311938
0.534081,-0.271481,-0.479826,-0.0370485
0.540167,-0.274656,-0.480801,-0.033269
0.547477,-0.278481,-0.482069,-0.0282504
0.553566,-0.281673,-0.482898,-0.0250062
0.560842,-0.285493,-0.483435,-0.0333021
0.568152,-0.289341,-0.484556,-0.028927
0.574282,-0.292571,-0.485044,-0.0271755
0.581577,-0.296424,-0.485922,-0.023772
0.58769,-0.299663,-0.487141,-0.0187963
0.594921,-0.303499,-0.487726,-0.0275005
0.600991,-0.306726,-0.488653,-0.0238395
0.608263,-0.3106,-0.489482,-0.0206132
0.614444,-0.313895,-0.489823,-0.0194109
0.621786,-0.317822,-0.49114,-0.025739
0.629288,-0.32184,-0.491725,-0.0236184
0.635574,-0.325215,-0.49275,-0.0195104
0.64319,-0.329317,-0.493969,-0.0145587
0.649518,-0.332729,-0.494554,-0.0242947
0.65706,-0.336808,-0.495725,-0.019633
0.663336,-0.340202,-0.495871,-0.0192899
0.670696,-0.344187,-0.496212,-0.0181426
0.676886,-0.347534,-0.495725,-0.0334096
0.683908,-0.351324,-0.494896,-0.0375033
0.69091,-0.355105,-0.495042,-0.0374133
0.696654,-0.358208,-0.495383,-0.0363779
0.703353,-0.361844,-0.497334,-0.0419293
0.708971,-0.364907,-0.499138,-0.0346209
0.715752,-0.368617,-0.500602,-0.0287879
0.721705,-0.371882,-0.501626,-0.0247369
0.728878,-0.375822,-0.502308,-0.0221801
0.735214,-0.37931,-0.503186,-0.0329997
0.742779,-0.383484,-0.504162,-0.0293226
0.750504,-0.387748,-0.504406,-0.0287734
0.756928,-0.3913,-0.505088,-0.0262305
0.764713,-0.395612,-0.505771,-0.0390694
0.771278,-0.399246,-0.505625,-0.0402564
0.778976,-0.403513,-0.506161,-0.038588
0.785565,-0.40717,-0.506746,-0.0523343
0.793173,-0.4114,-0.507332,-0.0506249
0.799587,-0.41497,-0.507917,-0.0487634
0.807018,-0.419116,-0.508892,-0.0452816
0.814551,-0.423326,-0.509624,-0.059461
0.820691,-0.426764,-0.510502,-0.0564086
0.827761,-0.430735,-0.511721,-0.0519393
0.833667,-0.434061,-0.512891,-0.047505
0.84049,-0.43792,-0.514745,-0.0577798
0.846291,-0.441209,-0.515818,-0.0538346
0.853164,-0.445113,-0.5165,-0.0516443
0.860159,-0.449085,-0.516549,-0.0521781
0.866062,-0.452437,-0.516305,-0.0721281
0.873234,-0.456514,-0.51689,-0.0706302
0.879303,-0.45997,-0.51772,-0.067897
0.886598,-0.464136,-0.51889,-0.0638053
0.892865,-0.467725,-0.520109,-0.0788369
0.900142,-0.471903,-0.521133,-0.0755358
0.906308,-0.475449,-0.521963,-0.0728671
0.913434,-0.479563,-0.523523,-0.0671231
0.920781,-0.483814,-0.524596,-0.0834586
0.926906,-0.487367,-0.525571,-0.0802425
0.93433,-0.491679,-0.526205,-0.0786564
0.940553,-0.4953,-0.526937,-0.076437
0.947913,-0.499594,-0.528254,-0.0939677
0.954138,-0.503233,-0.528937,-0.0921427
0.961396,-0.507486,-0.530058,-0.0885615
0.967484,-0.511058,-0.530643,-0.109477
0.974611,-0.515257,-0.532302,-0.103785
0.981816,-0.519516,-0.533911,-0.0982317
0.987749,-0.523031,-0.534838,-0.0953249
0.994654,-0.527138,-0.536593,-0.112732
1.00052,-0.530635,-0.537422,-0.110403
1.00744,-0.53477,-0.539081,-0.104657
1.01333,-0.538309,-0.54069,-0.0988507
1.02039,-0.54256,-0.542104,-0.118235
1.0276,-0.546918,-0.543762,-0.112652
1.03366,-0.550594,-0.545079,-0.108231
1.04081,-0.554945,-0.546689,-0.129575
1.04688,-0.558655,-0.548688,-0.122405
1.05406,-0.563061,-0.550444,-0.116439
1.06006,-0.566759,-0.552248,-0.136689
1.06724,-0.571206,-0.554589,-0.128396
1.07325,-0.574944,-0.55615,-0.123092
1.08036,-0.579384,-0.558491,-0.114573
1.08751,-0.583877,-0.560929,-0.134621
1.09337,-0.587574,-0.562782,-0.128092
1.10039,-0.592025,-0.564928,-0.120476
1.10625,-0.595752,-0.566928,-0.142875
1.11316,-0.600176,-0.569269,-0.134604
1.11906,-0.60397,-0.571317,-0.12724
1.12596,-0.608432,-0.573999,-0.117258
1.1318,-0.612224,-0.576097,-0.141999
1.13871,-0.616744,-0.578974,-0.131397
1.14575,-0.621367,-0.581022,-0.124266
1.15155,-0.625189,-0.583119,-0.149772
1.15847,-0.629781,-0.585997,-0.139287
1.16427,-0.633648,-0.58785,-0.132809
1.17099,-0.638157,-0.590483,-0.158422
1.17678,-0.642047,-0.591849,-0.154285
1.18348,-0.646574,-0.594044,-0.146757
1.18925,-0.650491,-0.59658,-0.174304
1.19604,-0.655127,-0.599457,-0.164135
1.20307,-0.659968,-0.602529,-0.153045
1.20901,-0.664076,-0.605114,-0.181927
1.21604,-0.668966,-0.607699,-0.173226
1.22195,-0.673091,-0.610089,-0.164871
1.22888,-0.67798,-0.613698,-0.193124
1.23467,-0.682079,-0.616282,-0.184147
1.24155,-0.68698,-0.619209,-0.173946
1.24835,-0.691858,-0.622281,-0.206135
1.25406,-0.695974,-0.62472,-0.197922
1.26084,-0.700901,-0.628524,-0.184081
1.26651,-0.705049,-0.631401,-0.218412
1.27329,-0.710043,-0.63462,-0.207426
1.27898,-0.714257,-0.637546,-0.197111
1.28572,-0.719287,-0.640813,-0.234388
1.29139,-0.723546,-0.644276,-0.222087
1.29809,-0.728619,-0.648275,-0.207733
1.30468,-0.733651,-0.651982,-0.245438
1.31022,-0.737907,-0.655347,-0.233643
1.3168,-0.743006,-0.6592,-0.273728
1.32235,-0.747336,-0.662613,-0.262094
1.32898,-0.75256,-0.667003,-0.246633
1.33456,-0.756981,-0.67066,-0.289829
1.34114,-0.762248,-0.674513,-0.277101
1.3466,-0.766643,-0.678171,-0.264397
1.35297,-0.771828,-0.682804,-0.308155
1.35924,-0.776972,-0.687242,-0.292975
1.3645,-0.78133,-0.691777,-0.339036
1.37072,-0.786535,-0.696801,-0.321772
1.37588,-0.790884,-0.700849,-0.307779
1.38213,-0.796216,-0.705969,-0.35827
1.38743,-0.800768,-0.710115,-0.344426
1.39368,-0.80621,-0.715772,-0.394463
1.39906,-0.810936,-0.721283,-0.375276
1.4055,-0.816678,-0.728062,-0.351156
1.41208,-0.822623,-0.734841,-0.402675
1.41753,-0.827609,-0.741278,-0.37969
1.42393,-0.833565,-0.748886,-0.432865
1.42927,-0.83859,-0.75547,-0.409629
1.43556,-0.84462,-0.764102,-0.462912
1.44072,-0.84963,-0.77093,-0.438945
1.44677,-0.855609,-0.779123,-0.498519
1.45276,-0.861615,-0.787365,-0.469941
1.45761,-0.866549,-0.793852,-0.542587
1.4632,-0.872317,-0.80107,-0.518783
1.4678,-0.877129,-0.807556,-0.598052
1.47317,-0.882824,-0.814823,-0.574718
1.47765,-0.887645,-0.821748,-0.551236
1.48302,-0.893521,-0.830575,-0.627273
1.48753,-0.898546,-0.838768,-0.599176
1.49289,-0.904621,-0.848327,-0.68016
1.49845,-0.911073,-0.859105,-0.762639
1.50304,-0.916485,-0.868225,-0.733006
1.50849,-0.923086,-0.879978,-0.819164
1.51298,-0.928633,-0.890659,-0.783726
1.51823,-0.935314,-0.904461,-0.869141
1.52248,-0.940857,-0.916799,-0.827132
1.52733,-0.947384,-0.931869,-0.917184
1.53152,-0.953173,-0.944452,-0.875195
1.53623,-0.959903,-0.959716,-0.971803
1.54082,-0.96666,-0.97503,-1.07384
1.54456,-0.972338,-0.988295,-1.03127
1.54892,-0.979211,-1.00488,-1.14014
1.55251,-0.985049,-1.01956,-1.25935
1.55664,-0.992053,-1.03804,-1.20168
1.56012,-0.998192,-1.05462,-1.32137
1.56411,-1.00559,-1.07608,-1.43047
1.56737,-1.01192,-1.09539,-1.3703
1.57113,-1.01967,-1.11944,-1.47995
1.57471,-1.02759,-1.14631,-1.5771
1.57752,-1.0342,-1.16918,-1.50557
1.58066,-1.0422,-1.1963,-1.61079
1.58314,-1.04897,-1.22019,-1.72655
1.58581,-1.05698,-1.24858,-1.83237
1.58787,-1.06369,-1.27272,-1.76222
1.59002,-1.07149,-1.30291,-1.8561
1.5916,-1.07795,-1.32934,-1.95785
1.59325,-1.08568,-1.36094,-1.86373
1.59468,-1.09366,-1.39376,-1.95166
1.59568,-1.10035,-1.42298,-2.03971
1.5966,-1.1085,-1.45814,-2.06186
1.59719,-1.11561,-1.48833,-2.01608
1.59756,-1.12398,-1.52559,-2.06186
1.59766,-1.13098,-1.55704,-1.97423
1.59747,-1.13918,-1.59367,-2.02661
1.59698,-1.14742,-1.63078,-2.06186
1.59637,-1.15414,-1.66117,-1.97561
1.59533,-1.16224,-1.69823,-2.01289
1.59424,-1.16906,-1.72964,-2.05426
1.59266,-1.17703,-1.76631,-1.93936
1.59113,-1.18367,-1.79704,-1.98015
1.58901,-1.19155,-1.83381,-1.86118
1.58705,-1.19803,-1.8641,-1.89482
1.58445,-1.20565,-1.90018,-1.77443
1.58153,-1.21328,-1.93559,-1.78607
1.57886,-1.2197,-1.96524,-1.68521
1.57542,-1.22723,-1.99924,-1.69201
1.57232,-1.23355,-2.02762,-1.59386
1.56842,-1.24087,-2.0601,-1.59947
1.56497,-1.24694,-2.08697,-1.50497
1.56072,-1.25393,-2.11731,-1.5134
1.55695,-1.2598,-2.14257,-1.42356
1.55231,-1.26657,-2.17105,-1.42843
1.54743,-1.27328,-2.19934,-1.42874
1.54316,-1.27888,-2.22231,-1.34633
1.53788,-1.28543,-2.24947,-1.24767
1.53336,-1.29079,-2.27156,-1.26939
1.52776,-1.29709,-2.29756,-1.17401
1.52293,-1.3023,-2.31824,-1.18789
1.51714,-1.30825,-2.34247,-1.09813
1.51112,-1.31415,-2.36593,-1.10227
1.50607,-1.31892,-2.3849,-1.03162
1.49991,-1.32449,-2.40612,-1.03409
1.49458,-1.32915,-2.42416,-0.966705
1.4882,-1.33449,-2.44411,-0.973997
1.48276,-1.3389,-2.46079,-0.911589
1.47631,-1.34393,-2.47883,-0.843782
1.47072,-1.34816,-2.4939,-0.86318
1.46399,-1.35307,-2.51136,-0.797393
1.45704,-1.35796,-2.52819,-0.80462
1.45112,-1.36201,-2.54223,-0.751648
1.44399,-1.36671,-2.55867,-0.759141
1.43789,-1.37061,-2.57237,-0.707221
1.43058,-1.37514,-2.58749,-0.649707
1.42447,-1.37882,-2.59973,-0.667765
1.41716,-1.38307,-2.61402,-0.613247
1.41095,-1.3866,-2.62495,-0.57164
1.40362,-1.39064,-2.63807,-0.583445
1.39608,-1.39467,-2.65089,-0.53427
1.38982,-1.39793,-2.66055,-0.556006
1.38239,-1.4017,-2.67225,-0.511236
1.37605,-1.40485,-2.68113,-0.477403
1.36866,-1.40842,-2.69127,-0.494213
1.36233,-1.41142,-2.69922,-0.464172
1.35491,-1.41485,-2.70805,-0.484802
1.34853,-1.41775,-2.71532,-0.457621
1.34089,-1.42114,-2.72468,-0.4218
1.33319,-1.42446,-2.73414,-0.435708
1.32654,-1.42727,-2.74141,-0.40815
1.31866,-1.43053,-2.75009,-0.374776
1.31189,-1.43326,-2.7575,-0.395214
1.30378,-1.43645,-2.76662,-0.359894
1.29695,-1.43909,-2.77316,-0.334755
1.28899,-1.44209,-2.78135,-0.348561
1.28221,-1.44459,-2.78798,-0.322878
1.27428,-1.44745,-2.7951,-0.295204
1.26648,-1.45022,-2.80149,-0.317747
1.25995,-1.45249,-2.80666,-0.297949
1.25225,-1.45512,-2.81193,-0.277889
1.24582,-1.45729,-2.81617,-0.301398
1.23824,-1.4598,-2.82158,-0.280716
1.23169,-1.46195,-2.82544,-0.266206
1.22402,-1.46441,-2.83041,-0.29033
1.21609,-1.46692,-2.83578,-0.269838
1.20934,-1.46902,-2.83914,-0.257369
1.2015,-1.47143,-2.84363,-0.27832
1.19473,-1.47348,-2.84719,-0.265113
1.18683,-1.47584,-2.85153,-0.248702
1.18007,-1.47783,-2.8547,-0.276195
1.1721,-1.48015,-2.85943,-0.258272
1.16525,-1.48211,-2.86245,-0.247175
1.15726,-1.48436,-2.8665,-0.267013
1.14912,-1.48662,-2.87118,-0.249229
1.14234,-1.48848,-2.87426,-0.23781
1.13439,-1.49062,-2.87811,-0.258001
1.12754,-1.49245,-2.88108,-0.247122
1.11953,-1.49455,-2.88494,-0.232622
1.11265,-1.49633,-2.88815,-0.220419
1.10458,-1.49838,-2.89259,-0.238446
1.09777,-1.5001,-2.89557,-0.227351
1.08961,-1.50211,-2.89908,-0.214108
1.08137,-1.50412,-2.90254,-0.232149
1.07446,-1.50579,-2.90513,-0.222688
1.06634,-1.50771,-2.90869,-0.209171
1.05955,-1.5093,-2.91161,-0.230615
1.05152,-1.51115,-2.91508,-0.217612
1.04465,-1.51272,-2.91795,-0.206731
1.03642,-1.51456,-2.92132,-0.193878
1.02953,-1.51608,-2.9241,-0.21355
1.02131,-1.51786,-2.92795,-0.198696
1.013,-1.51963,-2.932,-0.182829
1.00604,-1.52109,-2.93507,-0.199957
0.997755,-1.52279,-2.93863,-0.18622
0.990784,-1.52421,-2.94122,-0.176302
0.982556,-1.52585,-2.94448,-0.191647
0.975704,-1.5272,-2.94736,-0.180526
0.967657,-1.52876,-2.95024,-0.169462
0.959489,-1.53032,-2.95346,-0.156805
0.952669,-1.5316,-2.95585,-0.17607
0.944502,-1.5331,-2.95902,-0.163726
0.937579,-1.53436,-2.96165,-0.153382
0.929308,-1.53584,-2.96497,-0.166476
0.922269,-1.53707,-2.96809,-0.1541
0.913914,-1.53851,-2.97155,-0.140266
0.907029,-1.53968,-2.97374,-0.131579
0.898783,-1.54104,-2.97735,-0.143767
0.890469,-1.54239,-2.98038,-0.131719
0.883606,-1.5435,-2.98243,-0.123594
0.875371,-1.54479,-2.98555,-0.110863
0.868395,-1.54587,-2.98779,-0.126719
0.860197,-1.54712,-2.99042,-0.116155
0.853194,-1.54817,-2.99276,-0.106642
0.845086,-1.54937,-2.99535,-0.121423
0.838239,-1.55036,-2.99715,-0.114289
0.830029,-1.55153,-2.99989,-0.10318
0.82172,-1.5527,-3.00179,-0.0955131
0.814868,-1.55365,-3.00369,-0.11124
0.80665,-1.55477,-3.00603,-0.101805
0.799794,-1.5557,-3.00744,-0.0961702
0.791551,-1.55679,-3.01008,-0.0852845
0.784401,-1.55772,-3.01174,-0.102692
0.775982,-1.55881,-3.01359,-0.0952977
0.76869,-1.55973,-3.0151,-0.0892229
0.760246,-1.56079,-3.01705,-0.0812333
0.751725,-1.56184,-3.01886,-0.0976176
0.744599,-1.56271,-3.02017,-0.0924256
0.736236,-1.56372,-3.02183,-0.0857652
0.729184,-1.56456,-3.0231,-0.10243
0.720926,-1.56553,-3.02476,-0.0959186
0.713914,-1.56634,-3.02583,-0.0917724
0.705588,-1.5673,-3.02729,-0.0859668
0.697358,-1.56823,-3.029,-0.101638
0.690472,-1.569,-3.03037,-0.0963046
0.682594,-1.56986,-3.03232,-0.0884488
0.675899,-1.57059,-3.03378,-0.0825432
0.668008,-1.57143,-3.03549,-0.0977063
0.661289,-1.57214,-3.03627,-0.0948636
0.653245,-1.57298,-3.03729,-0.0910249
0.646321,-1.57369,-3.0388,-0.0849653
0.637929,-1.57454,-3.04119,-0.0956008
0.629374,-1.57539,-3.04285,-0.0890901
0.62223,-1.57608,-3.04446,-0.0826223
0.61377,-1.57689,-3.04607,-0.076144
0.606655,-1.57756,-3.04802,-0.0893853
0.598235,-1.57833,-3.05012,-0.0809134
0.591151,-1.57897,-3.05153,-0.0752182
0.582857,-1.57971,-3.05343,-0.0674007
0.575825,-1.58032,-3.05451,-0.0839951
0.567626,-1.58102,-3.05665,-0.0752581
0.559221,-1.58172,-3.05807,-0.0695825
0.552326,-1.58229,-3.05919,-0.0650429
0.544147,-1.58295,-3.06075,-0.0792519
0.537294,-1.5835,-3.06158,-0.0760984
0.529263,-1.58413,-3.06324,-0.0693861
0.522365,-1.58467,-3.06446,-0.064444
0.514226,-1.58529,-3.06563,-0.0800083
0.50723,-1.58582,-3.06631,-0.0775228
0.498894,-1.58643,-3.06738,-0.0733967
0.490429,-1.58705,-3.06875,-0.0679549
0.483323,-1.58756,-3.06972,-0.0829025
0.474845,-1.58816,-3.07094,-0.0782417
0.467728,-1.58867,-3.07128,-0.0772292
0.459098,-1.58927,-3.07192,-0.0750267
0.451818,-1.58977,-3.0726,-0.0934492
0.443209,-1.59036,-3.07372,-0.0893708
0.436047,-1.59084,-3.07445,-0.0868069
0.427826,-1.59138,-3.07509,-0.0847104
0.41941,-1.59194,-3.07611,-0.0993048
0.412517,-1.59238,-3.07679,-0.0970426
0.404252,-1.59291,-3.07753,-0.0946646
0.397444,-1.59334,-3.0787,-0.0902285
0.389426,-1.59384,-3.08006,-0.105458
0.382542,-1.59426,-3.08089,-0.102633
0.374296,-1.59474,-3.0824,-0.0969529
0.365887,-1.59523,-3.08348,-0.0931082
0.358752,-1.59564,-3.08523,-0.104078
0.350374,-1.59609,-3.08713,-0.0967508
0.343357,-1.59647,-3.08835,-0.092158
0.335129,-1.59689,-3.09006,-0.0854995
0.328263,-1.59724,-3.09079,-0.101753
0.320077,-1.59764,-3.0924,-0.0956515
0.313037,-1.59798,-3.09391,-0.0897917
0.304601,-1.59837,-3.09518,-0.085027
0.295937,-1.59876,-3.09699,-0.0977967
0.288571,-1.59908,-3.0985,-0.0920035
0.27982,-1.59944,-3.10011,-0.0858311
0.272398,-1.59973,-3.10206,-0.0780011
0.263678,-1.60006,-3.10401,-0.0876433
0.256396,-1.60032,-3.10571,-0.0808962
0.247892,-1.60061,-3.10728,-0.074784
0.240966,-1.60084,-3.10854,-0.0697639
0.232861,-1.6011,-3.11025,-0.0813548
0.224842,-1.60134,-3.11166,-0.0758693
0.21811,-1.60153,-3.11332,-0.0691807
0.209993,-1.60174,-3.11498,-0.0624904
0.203174,-1.60192,-3.11586,-0.07739
0.195024,-1.60212,-3.11727,-0.0718838
0.188151,-1.60227,-3.11869,-0.0662316
0.179946,-1.60245,-3.12035,-0.0595278
0.17291,-1.60259,-3.12161,-0.0543812
0.164499,-1.60274,-3.12352,-0.0649842
0.155882,-1.60289,-3.12469,-0.0604217
0.148759,-1.603,-3.12586,-0.0557298
0.140369,-1.60312,-3.12737,-0.0495539
0.133267,-1.60321,-3.12844,-0.0636086
0.124888,-1.6033,-3.13049,-0.0552364
0.117851,-1.60338,-3.13156,-0.0509265
0.109655,-1.60344,-3.13346,-0.0430179
0.10277,-1.60349,-3.13483,-0.0568384
0.0946713,-1.60353,-3.136,-0.0521977
0.086508,-1.60357,-3.13737,-0.0466551
0.0796655,-1.60359,-3.13805,-0.0439554
0.0715237,-1.60361,-3.1398,-0.0538327
0.0645729,-1.60361,-3.14127,-0.0478625
0.0563337,-1.6036,3.14089,-0.0437705
0.0492422,-1.60359,3.14006,-0.0404356
0.0408298,-1.60357,3.13904,-0.0545987
0.0337708,-1.60355,3.13826,-0.0516144
0.0252935,-1.60351,3.13675,-0.0454902
0.0167296,-1.60346,3.13563,-0.0409781
0.0096707,-1.60341,3.13514,-0.0574758
0.00120436,-1.60335,3.13455,-0.0554675
-0.00580039,-1.6033,3.13411,-0.0539802
-0.014245,-1.60322,3.13285,-0.0489578
-0.0212929,-1.60316,3.13221,-0.0649624
-0.02951,-1.60307,3.13138,-0.0619934
-0.0378786,-1.60298,3.13075,-0.0598364
-0.0448182,-1.6029,3.13012,-0.0575565
-0.0531,-1.6028,3.12938,-0.0733983
-0.0601044,-1.60271,3.12875,-0.0712866
-0.0682454,-1.6026,3.12777,-0.0677613
-0.0752171,-1.6025,3.1268,-0.0640997
-0.083347,-1.60237,3.12558,-0.059417
-0.0902752,-1.60225,3.12499,-0.0772839
-0.0984806,-1.60211,3.12412,-0.0742723
-0.106773,-1.60196,3.12353,-0.0724901
-0.11383,-1.60183,3.12285,-0.0701524
-0.122187,-1.60166,3.12178,-0.08396
-0.129169,-1.60152,3.12095,-0.0811189
-0.137471,-1.60133,3.11953,-0.0758325
-0.144409,-1.60117,3.11783,-0.069093
-0.152743,-1.60096,3.11626,-0.0820484
-0.161347,-1.60073,3.11505,-0.0776625
-0.168707,-1.60053,3.11466,-0.0766863
-0.177484,-1.60029,3.11392,-0.0743418
-0.184767,-1.60008,3.1127,-0.0889595
-0.193425,-1.59981,3.11114,-0.0831903
-0.20074,-1.59958,3.10978,-0.0780517
-0.209213,-1.5993,3.10827,-0.0723175
-0.216257,-1.59905,3.10685,-0.0862542
-0.224339,-1.59876,3.10485,-0.0784945
-0.232464,-1.59845,3.10344,-0.0731709
-0.239204,-1.59818,3.10173,-0.0663979
-0.247317,-1.59784,3.10046,-0.0800324
-0.254132,-1.59755,3.099,-0.074408
-0.26233,-1.59719,3.09724,-0.0675694
-0.26935,-1.59687,3.09642,-0.0645626
-0.277731,-1.59648,3.09432,-0.0771805
-0.284933,-1.59612,3.09276,-0.0711517
-0.2934,-1.5957,3.09173,-0.0674783
-0.301877,-1.59526,3.09008,-0.061003
-0.308786,-1.5949,3.08895,-0.0768179
-0.316948,-1.59446,3.08725,-0.0702487
-0.323888,-1.59407,3.08588,-0.0649702
-0.332006,-1.59361,3.08466,-0.0603511
-0.338858,-1.59321,3.08388,-0.076734
-0.346986,-1.59273,3.08261,-0.0720723
-0.353849,-1.59232,3.08159,-0.0682904
-0.362159,-1.59181,3.07998,-0.0620457
-0.370641,-1.59127,3.07857,-0.0773827
-0.37775,-1.59081,3.07749,-0.0734848
-0.386307,-1.59025,3.07603,-0.0679787
-0.393479,-1.58977,3.07466,-0.0627056
-0.402045,-1.58919,3.07335,-0.0788712
-0.409303,-1.58868,3.07208,-0.0741692
-0.417738,-1.58808,3.07106,-0.0705735
-0.426215,-1.58747,3.06925,-0.0635444
-0.433157,-1.58696,3.06784,-0.0796045
-0.441417,-1.58634,3.06672,-0.0756565
-0.448347,-1.58581,3.06564,-0.0717317
-0.456508,-1.58518,3.06457,-0.0678696
-0.463395,-1.58464,3.0634,-0.0854685
-0.471586,-1.58399,3.06179,-0.0794814
-0.4786,-1.58342,3.06091,-0.0764569
-0.486866,-1.58274,3.05935,-0.0705571
-0.495335,-1.58203,3.05803,-0.0869946
-0.502293,-1.58144,3.05691,-0.0829994
-0.510599,-1.58072,3.05506,-0.0759308
-0.51762,-1.5801,3.05384,-0.094142
-0.52587,-1.57936,3.05243,-0.0891362
-0.532932,-1.57872,3.0513,-0.0851817
-0.541158,-1.57797,3.04999,-0.0804626
-0.548144,-1.57731,3.04852,-0.0969967
-0.5564,-1.57653,3.04677,-0.0905511
-0.564612,-1.57574,3.04589,-0.0878115
-0.571488,-1.57508,3.04511,-0.0852895
-0.579591,-1.57428,3.04414,-0.107249
-0.5864,-1.57361,3.04296,-0.103255
-0.594523,-1.57279,3.0416,-0.0985512
-0.601395,-1.5721,3.04053,-0.0948771
-0.609526,-1.57126,3.03892,-0.112356
-0.617494,-1.57042,3.03658,-0.103523
-0.624222,-1.56969,3.03419,-0.0941947
-0.632229,-1.56882,3.03233,-0.0872388
-0.639019,-1.56806,3.03131,-0.107636
-0.647282,-1.56714,3.03043,-0.105131
-0.654341,-1.56635,3.02994,-0.104091
-0.662915,-1.56538,3.02853,-0.124993
-0.670261,-1.56453,3.02741,-0.121494
-0.678918,-1.56353,3.02599,-0.116898
-0.687575,-1.56251,3.02477,-0.113069
-0.694735,-1.56166,3.02321,-0.132845
-0.703183,-1.56064,3.02155,-0.127304
-0.710287,-1.55978,3.02034,-0.123338
-0.71855,-1.55875,3.01843,-0.143791
-0.725447,-1.55789,3.01717,-0.13977
-0.733578,-1.55686,3.01517,-0.132766
-0.740514,-1.55596,3.01322,-0.125655
-0.748726,-1.55488,3.01102,-0.144492
-0.756979,-1.55378,3.00863,-0.135884
-0.76391,-1.55284,3.00717,-0.130918
-0.772201,-1.5517,3.00497,-0.151873
-0.779256,-1.55072,3.00292,-0.144593
-0.787661,-1.54953,3.00117,-0.138755
-0.794734,-1.54851,2.99883,-0.13004
-0.803132,-1.54728,2.996,-0.146664
-0.810232,-1.54623,2.99381,-0.138693
-0.818656,-1.54495,2.99083,-0.127485
-0.827184,-1.54363,2.98805,-0.149262
-0.834221,-1.54252,2.98551,-0.139843
-0.842667,-1.54117,2.98278,-0.129729
-0.849645,-1.54003,2.9802,-0.11985
-0.857912,-1.53866,2.97727,-0.138036
-0.864766,-1.53751,2.97493,-0.129303
-0.872845,-1.53613,2.97235,-0.119621
-0.880909,-1.53472,2.96932,-0.139839
-0.887583,-1.53354,2.96688,-0.130684
-0.895492,-1.53213,2.96464,-0.122488
-0.902182,-1.53092,2.9622,-0.113135
-0.910178,-1.52945,2.95972,-0.138111
-0.916916,-1.52819,2.95742,-0.129591
-0.925054,-1.52665,2.95435,-0.117838
-0.932061,-1.52531,2.95235,-0.143555
-0.940319,-1.5237,2.94967,-0.133477
-0.948881,-1.52202,2.94723,-0.124615
-0.955921,-1.52061,2.94494,-0.153447
-0.964324,-1.51891,2.94123,-0.139367
-0.971312,-1.51747,2.93796,-0.126703
-0.979417,-1.51576,2.9346,-0.148954
-0.986216,-1.51432,2.93187,-0.138716
-0.994175,-1.5126,2.92923,-0.129016
-1.0023,-1.51083,2.92699,-0.160968
-1.00909,-1.50933,2.92455,-0.152143
-1.01719,-1.50752,2.92158,-0.141179
-1.024,-1.50598,2.9188,-0.169328
-1.03205,-1.50412,2.91543,-0.156922
-1.03889,-1.50254,2.91329,-0.149335
-1.04687,-1.50065,2.90997,-0.178805
-1.05367,-1.49903,2.90758,-0.170431
-1.06155,-1.49713,2.90451,-0.159271
-1.06972,-1.49512,2.90075,-0.186995
-1.07649,-1.49344,2.89841,-0.178932
-1.08443,-1.49145,2.89553,-0.168763
-1.09116,-1.48974,2.89256,-0.204729
-1.0991,-1.48769,2.8889,-0.191555
-1.10595,-1.4859,2.88646,-0.183147
-1.11393,-1.48379,2.8829,-0.215183
-1.1221,-1.4816,2.87964,-0.203926
-1.12882,-1.47978,2.87715,-0.195411
-1.13698,-1.47753,2.87325,-0.233022
-1.14383,-1.47563,2.87061,-0.224278
-1.15196,-1.47334,2.8671,-0.21206
-1.15885,-1.47138,2.86427,-0.251924
-1.16693,-1.46905,2.86042,-0.238611
-1.17376,-1.46705,2.85686,-0.281102
-1.18172,-1.46468,2.85291,-0.267753
-1.18967,-1.46229,2.84906,-0.254605
-1.19639,-1.46024,2.84579,-0.301147
-1.20427,-1.4578,2.84179,-0.287819
-1.21104,-1.45569,2.83852,-0.276931
-1.21905,-1.45314,2.83404,-0.319802
-1.22578,-1.45098,2.83028,-0.307179
-1.23376,-1.44838,2.82604,-0.356473
-1.24051,-1.44614,2.82189,-0.342634
-1.24857,-1.44343,2.81755,-0.328461
-1.25658,-1.4407,2.81238,-0.37725
-1.26322,-1.4384,2.80795,-0.3623
-1.27108,-1.43563,2.80297,-0.414082
-1.27775,-1.43324,2.798,-0.397291
-1.2856,-1.43038,2.79214,-0.451443
-1.29224,-1.42792,2.78688,-0.433858
-1.3001,-1.42494,2.77956,-0.407993
-1.30674,-1.42238,2.77293,-0.461523
-1.31445,-1.41933,2.76503,-0.433471
-1.32225,-1.41617,2.75708,-0.487995
-1.32884,-1.41345,2.75025,-0.464122
-1.33649,-1.41023,2.7424,-0.522712
-1.343,-1.40742,2.73513,-0.497379
-1.3505,-1.40412,2.72689,-0.557817
-1.35685,-1.40127,2.71962,-0.532847
-1.36436,-1.39782,2.7106,-0.596805
-1.37201,-1.39421,2.70099,-0.563644
-1.37823,-1.39122,2.69368,-0.641076
-1.38598,-1.3874,2.68363,-0.606946
-1.39242,-1.38416,2.67515,-0.684845
-1.39963,-1.38041,2.66237,-0.639089
-1.40564,-1.37721,2.65179,-0.71601
-1.41273,-1.37331,2.63886,-0.67019
-1.41872,-1.36994,2.62955,-0.75608
-1.42569,-1.36592,2.61818,-0.717683
-1.4328,-1.36172,2.60799,-0.81025
-1.43847,-1.35829,2.59697,-0.772312
-1.44521,-1.35409,2.58448,-0.863799
-1.45108,-1.35033,2.57161,-0.81921
-1.45813,-1.34565,2.55644,-0.909787
-1.46399,-1.34166,2.54274,-1.00679
-1.47098,-1.33671,2.5264,-0.952889
-1.47682,-1.33246,2.51152,-1.05902
-1.48366,-1.32727,2.49265,-0.995365
-1.49051,-1.32187,2.47373,-1.0908
-1.49616,-1.31726,2.45778,-1.20928
-1.50287,-1.31158,2.43886,-1.32229
-1.50815,-1.30695,2.42213,-1.26842
-1.51425,-1.30138,2.40101,-1.37965
-1.51915,-1.29673,2.38258,-1.50383
-1.52492,-1.29103,2.36175,-1.4423
-1.52955,-1.28626,2.34176,-1.56475
-1.53501,-1.28034,2.31669,-1.67363
-1.54044,-1.27417,2.29128,-1.598
-1.54493,-1.2688,2.26802,-1.71717
-1.55012,-1.26222,2.23837,-1.81195
-1.55428,-1.25666,2.21345,-1.73731
-1.55905,-1.24986,2.18306,-1.83546
-1.56284,-1.24415,2.1559,-1.93759
-1.56704,-1.23735,2.1241,-2.02587
-1.57049,-1.23141,2.09694,-1.94797
-1.57428,-1.22434,2.06275,-2.01972
-1.57785,-1.21707,2.02695,-2.06186
-1.5807,-1.21079,1.99667,-1.99302
-1.58383,-1.20315,1.96038,-2.05186
-1.58628,-1.19661,1.92912,-2.06186
-1.58891,-1.18872,1.89245,-2.0083
-1.59091,-1.18203,1.86138,-2.06186
-1.59301,-1.17388,1.82344,-1.9528
-1.59482,-1.16562,1.78584,-1.9865
-1.59612,-1.1586,1.75389,-2.03127
-1.59733,-1.15036,1.71649,-1.91291
-1.59813,-1.14333,1.6844,-1.94832
-1.59875,-1.13508,1.64655,-1.82361
-1.59906,-1.1282,1.61553,-1.85437
-1.59913,-1.12004,1.57905,-1.86255
-1.59899,-1.11312,1.55013,-1.7675
-1.59854,-1.10501,1.5158,-1.76779
-1.5978,-1.09682,1.48117,-1.64931
-1.59701,-1.09007,1.45357,-1.67412
-1.59581,-1.08211,1.42104,-1.56083
-1.59459,-1.07529,1.39451,-1.577
-1.59288,-1.06717,1.36286,-1.46515
-1.59124,-1.06026,1.3373,-1.48087
-1.58899,-1.05198,1.30639,-1.36911
-1.58648,-1.04368,1.27659,-1.36358
-1.58423,-1.03685,1.25249,-1.27662
-1.58136,-1.02888,1.22538,-1.27355
-1.57885,-1.02235,1.20348,-1.19384
-1.5757,-1.01472,1.1789,-1.10306
-1.57291,-1.00834,1.15857,-1.119
-1.56945,-1.0009,1.13613,-1.03598
-1.56645,-0.994717,1.11853,-1.05769
-1.56274,-0.987469,1.09785,-0.981022
-1.55886,-0.980237,1.07853,-0.9937
-1.55554,-0.974267,1.06288,-0.936022
-1.55143,-0.967197,1.04508,-0.945643
-1.54785,-0.961229,1.02981,-0.889119
-1.54334,-0.954035,1.01128,-0.819365
-1.53945,-0.948029,0.996114,-0.837679
-1.53468,-0.940933,0.978265,-0.770213
-1.53049,-0.934894,0.964073,-0.785666
-1.52546,-0.927906,0.947345,-0.72239
-1.52032,-0.921,0.931202,-0.660741
-1.51601,-0.915346,0.918864,-0.67884
-1.51086,-0.908798,0.904964,-0.626114
-1.50646,-0.903312,0.893942,-0.647646
-1.50125,-0.897008,0.880824,-0.597808
-1.49675,-0.891659,0.870777,-0.559784
-1.49141,-0.885469,0.858926,-0.573872
-1.48669,-0.880114,0.849026,-0.536345
-1.48099,-0.873784,0.837272,-0.491258
-1.47508,-0.867379,0.825617,-0.501033
-1.47008,-0.86206,0.816643,-0.466843
-1.46411,-0.855844,0.805719,-0.478109
-1.45904,-0.850648,0.796891,-0.444318
-1.453,-0.844591,0.786942,-0.405952
-1.44796,-0.839612,0.779725,-0.428446
-1.44201,-0.833827,0.7708,-0.394211
-1.4369,-0.828934,0.764411,-0.369967
-1.43089,-0.823257,0.756413,-0.385195
-1.4247,-0.817511,0.74822,-0.353667
-1.41944,-0.812691,0.741733,-0.328631
-1.41321,-0.80708,0.733735,-0.343004
-1.40784,-0.802291,0.727639,-0.319582
-1.40146,-0.7967,0.720177,-0.333002
-1.39599,-0.791954,0.714471,-0.311193
-1.38952,-0.786425,0.707253,-0.283035
-1.38403,-0.781777,0.701742,-0.261525
-1.37756,-0.776378,0.695695,-0.278317
-1.37111,-0.771049,0.690379,-0.257931
-1.36573,-0.766644,0.686283,-0.242193
-1.35927,-0.761406,0.681503,-0.261842
-1.35391,-0.757089,0.677699,-0.247401
-1.34749,-0.751963,0.673554,-0.23165
-1.342,-0.747619,0.67014,-0.254726
-1.33549,-0.742503,0.665702,-0.237836
-1.32994,-0.738177,0.662093,-0.224028
-1.32331,-0.733056,0.657411,-0.24038
-1.31655,-0.727887,0.652827,-0.22275
-1.31093,-0.723627,0.648974,-0.207755
-1.3043,-0.718644,0.644585,-0.222693
-1.29874,-0.71449,0.641707,-0.211888
-1.29213,-0.709579,0.638537,-0.199954
-1.28654,-0.705456,0.636148,-0.190999
-1.27997,-0.700635,0.632783,-0.210083
-1.27319,-0.695696,0.62932,-0.196906
-1.26748,-0.691563,0.626638,-0.18669
-1.26065,-0.686654,0.623077,-0.201521
-1.25479,-0.68247,0.620102,-0.190138
-1.24784,-0.677551,0.616298,-0.175269
-1.24198,-0.673425,0.613372,-0.19256
-1.23509,-0.668617,0.609373,-0.176886
-1.2292,-0.664523,0.606886,-0.167348
-1.22233,-0.659793,0.603375,-0.153446
-1.21535,-0.655015,0.6004,-0.168418
-1.20967,-0.651144,0.598205,-0.160022
-1.20297,-0.646602,0.595376,-0.148958
-1.19739,-0.642841,0.593572,-0.166995
-1.19076,-0.63839,0.590841,-0.156441
-1.18505,-0.634576,0.589183,-0.150237
-1.17836,-0.630128,0.586744,-0.140739
-1.17257,-0.626297,0.584745,-0.15769
-1.16573,-0.621788,0.58255,-0.149373
-1.15879,-0.617235,0.580355,-0.14096
-1.15288,-0.613374,0.578697,-0.134623
-1.14586,-0.608812,0.576503,-0.149456
-1.1399,-0.60495,0.574942,-0.143648
-1.13279,-0.600368,0.57265,-0.134767
-1.12678,-0.596506,0.571089,-0.150369
-1.11964,-0.591937,0.56909,-0.142855
-1.11358,-0.588072,0.567724,-0.13783
-1.10649,-0.583566,0.566066,-0.131609
-1.09933,-0.579039,0.564115,-0.144812
-1.09342,-0.575309,0.562457,-0.138535
-1.08635,-0.570869,0.560945,-0.132957
-1.08044,-0.567168,0.559482,-0.127384
-1.07346,-0.56281,0.558117,-0.142434
-1.06755,-0.559132,0.556605,-0.13676
-1.06064,-0.55485,0.554703,-0.129459
-1.05359,-0.550499,0.553093,-0.142201
-1.04766,-0.546851,0.551484,-0.136112
-1.04053,-0.542482,0.550118,-0.131148
-1.03454,-0.538817,0.548704,-0.125781
-1.02737,-0.534458,0.546217,-0.133817
-1.02133,-0.530798,0.545046,-0.129544
-1.01415,-0.526463,0.542949,-0.121352
-1.00796,-0.522742,0.54134,-0.115065
-1.00075,-0.518425,0.539682,-0.125665
-0.993321,-0.513997,0.53739,-0.116617
-0.987168,-0.510342,0.535975,-0.111125
-0.979927,-0.506059,0.534171,-0.103971
-0.973808,-0.502453,0.532513,-0.113512
-0.966648,-0.498248,0.531001,-0.107661
-0.960536,-0.494672,0.529343,-0.101028
-0.953351,-0.490488,0.527294,-0.0927048
-0.947338,-0.487,0.525734,-0.101838
-0.940131,-0.482832,0.524319,-0.0962792
-0.932898,-0.478665,0.522613,-0.0893879
-0.926842,-0.475188,0.521296,-0.0840406
-0.919584,-0.471042,0.518955,-0.0888763
-0.913496,-0.467578,0.517248,-0.0818628
-0.90614,-0.463407,0.515834,-0.0760774
-0.899853,-0.459855,0.514224,-0.0693536
-0.892398,-0.455662,0.512469,-0.0759113
-0.886099,-0.452131,0.510859,-0.0692056
-0.878677,-0.447989,0.508957,-0.0611801
-0.871154,-0.443808,0.507348,-0.0544253
-0.864874,-0.440331,0.505543,-0.059769
-0.857345,-0.436182,0.50369,-0.0521639
-0.851091,-0.432747,0.502373,-0.046184
-0.843769,-0.42874,0.500666,-0.0387432
-0.837753,-0.425457,0.499545,-0.0496908
-0.830656,-0.4216,0.497886,-0.0389548
-0.82352,-0.417726,0.497204,-0.035881
-0.817588,-0.414514,0.496375,-0.0321751
-0.810481,-0.410677,0.495009,-0.0379635
-0.804496,-0.407452,0.494326,-0.034931
-0.797533,-0.403711,0.492961,-0.0288975
-0.791646,-0.400554,0.492229,-0.0255708
-0.784638,-0.396807,0.491059,-0.0202734
-0.778553,-0.393561,0.490035,-0.0267682
-0.77125,-0.389677,0.488767,-0.0210794
-0.763713,-0.385679,0.487694,-0.0161569
-0.757255,-0.382259,0.48706,-0.0131279
-0.749704,-0.378266,0.486426,-0.0205349
-0.743395,-0.374933,0.485987,-0.0184266
-0.736001,-0.371036,0.485011,-0.0139354
-0.729831,-0.367787,0.484719,-0.0124013
-0.72252,-0.363942,0.484182,-0.0196409
-0.716377,-0.360713,0.484036,-0.0188215
-0.709161,-0.356919,0.483987,-0.0183823
-0.701818,-0.353064,0.483499,-0.0160382
-0.69574,-0.349874,0.483304,-0.0149807
-0.688348,-0.345997,0.482963,-0.0227591
-0.682085,-0.342716,0.482622,-0.0211543
-0.674652,-0.338823,0.482475,-0.0203481
-0.668293,-0.335493,0.482329,-0.0195614
-0.660915,-0.331635,0.481793,-0.0257565
-0.653364,-0.327687,0.481841,-0.0258747
-0.64707,-0.324396,0.481744,-0.0253782
-0.639644,-0.320514,0.481744,-0.0252843
-0.633397,-0.317249,0.4815,-0.031371
-0.626054,-0.313418,0.480866,-0.0313503
-0.619806,-0.310157,0.481012,-0.0313393
-0.612384,-0.306288,0.480573,-0.031303
-0.606125,-0.303026,0.480476,-0.031268
-0.598826,-0.299226,0.479988,-0.0299457
-0.591561,-0.295456,0.478623,-0.0299184
-0.585447,-0.292289,0.478037,-0.02511
-0.578294,-0.288584,0.477842,-0.0242094
-0.572171,-0.285411,0.478086,-0.0285582
-0.564943,-0.281663,0.478379,-0.0335491
-0.558724,-0.27844,0.478232,-0.0329681
-0.551339,-0.274618,0.47755,-0.0286792
-0.54504,-0.271361,0.477208,-0.0286784
-0.53772,-0.267578,0.476964,-0.034309
-0.530343,-0.263766,0.477013,-0.0346028
-0.524234,-0.260612,0.476574,-0.0327774
-0.516969,-0.256866,0.476038,-0.0277412
-0.51078,-0.253677,0.475794,-0.0355615
-0.503445,-0.249901,0.475404,-0.0339804
-0.49715,-0.246659,0.475696,-0.0353199
-0.489689,-0.242821,0.475062,-0.0326795
-0.48208,-0.238913,0.474477,-0.0270109
-0.475713,-0.235645,0.474136,-0.0344484
-0.46813,-0.231761,0.473404,-0.0313854
-0.461751,-0.228493,0.473404,-0.0314406
-0.454095,-0.224582,0.472331,-0.0262431
-0.447797,-0.22137,0.4716,-0.0253387
-0.440234,-0.217516,0.471307,-0.0253679
-0.433954,-0.214317,0.471063,-0.0253812
-0.426648,-0.210603,0.470332,-0.0253588
-0.4193,-0.206875,0.469503,-0.0199004
-0.413139,-0.203753,0.469015,-0.0244784
-0.405672,-0.199973,0.468576,-0.0244284
-0.399423,-0.196808,0.46882,-0.0243974
-0.391843,-0.192963,0.469454,-0.0243939
-0.385411,-0.189703,0.469161,-0.0379558
-0.377828,-0.185866,0.46843,-0.03499
-0.371422,-0.182627,0.468186,-0.034074
-0.363767,-0.178763,0.467406,-0.0308455
-0.356112,-0.1749,0.467308,-0.0305325
-0.349808,-0.171723,0.46682,-0.0285102
-0.34239,-0.167991,0.466089,-0.0224251
-0.336111,-0.164836,0.465747,-0.022441
-0.328718,-0.161126,0.465065,-0.022424
-0.322457,-0.157985,0.465016,-0.0224074
-0.315062,-0.15428,0.464431,-0.0223572
-0.308815,-0.151158,0.463504,-0.0142093
-0.301415,-0.147462,0.463211,-0.0128433
-0.293945,-0.143737,0.462577,-0.00998231
-0.287723,-0.140638,0.46209,-0.00775056
-0.280346,-0.136968,0.461651,-0.00567749
-0.274082,-0.133858,0.460773,-0.00171722
-0.266652,-0.130173,0.46048,-0.000207036
-0.260318,-0.127033,0.460139,0.00148905
-0.252799,-0.123308,0.459993,0.00240243
-0.245182,-0.119537,0.459749,0.00375002
-0.238786,-0.116376,0.45892,0.00759019
-0.231117,-0.11259,0.458627,0.00920947
-0.224737,-0.109444,0.458091,0.0118345
-0.217104,-0.105682,0.457896,0.0130743
-0.210791,-0.10257,0.457993,0.0129878
-0.203262,-0.0988682,0.456969,0.0178189
-0.196964,-0.0957757,0.456481,0.0203029
-0.189519,-0.0921222,0.456189,0.0220401
-0.181908,-0.0883888,0.456042,0.02317
-0.175648,-0.0853175,0.45614,0.0231628
-0.168124,-0.0816285,0.455847,0.0249235
-0.161824,-0.0785406,0.45575,0.0257711
-0.154435,-0.0749205,0.455555,0.0271207
-0.148231,-0.0718832,0.455262,0.0288179
-0.141075,-0.0683781,0.455457,0.0284867
-0.13494,-0.0653727,0.455506,0.0287075
-0.127649,-0.061797,0.455994,0.0271058
-0.120254,-0.0581656,0.456433,0.0256969
-0.114122,-0.0551524,0.456774,0.0246103
-0.106749,-0.0515248,0.457213,0.0231593
-0.100474,-0.048436,0.457408,0.0226796
-0.092898,-0.0447043,0.457701,0.0218403
